<?xml version="1.0" encoding="UTF-8"?>
<!DOCTYPE graph-query SYSTEM "graph-query.dtd">

<graph-query name="new query">
    <description>no description</description>
    <query-body>
        <vertex name="Movie">
            <condition>
                <test>
                    <operator>eq</operator>
                    <attribute-name>object_type</attribute-name>
                    <value>movie</value>
                </test>
            </condition>
        </vertex>
        <vertex name="Actor">
            <condition>
                <test>
                    <operator>eq</operator>
                    <attribute-name>object_type</attribute-name>
                    <value>actor</value>
                </test>
            </condition>
            <numeric-annotation>
                <min>1</min>
            </numeric-annotation>
        </vertex>
        <edge name="ActedIn">
            <vertex1>Actor</vertex1>
            <vertex2>Movie</vertex2>
            <directed>true</directed>
            <condition>
                <test>
                    <operator>eq</operator>
                    <attribute-name>link_type</attribute-name>
                    <value>actedIn</value>
                </test>
            </condition>
            <numeric-annotation>
                <min>1</min>
            </numeric-annotation>
        </edge>
    </query-body>
    <editor-data>
        <vertex-location name="Movie" x="189.0" y="124.0"/>
        <vertex-location name="Actor" x="434.0" y="128.0"/>
    </editor-data>
</graph-query>

