<?xml version="1.0" encoding="ISO-8859-1"?>
<!DOCTYPE PROX3DB SYSTEM "prox3db.dtd">
<PROX3DB>
    <OBJECTS>
        <OBJECT ID="0"/>
        <OBJECT ID="1"/>
        <OBJECT ID="2"/>
        <OBJECT ID="3"/>
        <OBJECT ID="4"/>
        <OBJECT ID="5"/>
        <OBJECT ID="6"/>
        <OBJECT ID="7"/>
        <OBJECT ID="8"/>
        <OBJECT ID="9"/>
        <OBJECT ID="10"/>
        <OBJECT ID="11"/>
        <OBJECT ID="12"/>
        <OBJECT ID="13"/>
        <OBJECT ID="14"/>
        <OBJECT ID="15"/>
        <OBJECT ID="16"/>
        <OBJECT ID="17"/>
        <OBJECT ID="18"/>
        <OBJECT ID="19"/>
        <OBJECT ID="20"/>
        <OBJECT ID="21"/>
        <OBJECT ID="22"/>
        <OBJECT ID="23"/>
        <OBJECT ID="24"/>
        <OBJECT ID="25"/>
        <OBJECT ID="26"/>
        <OBJECT ID="27"/>
        <OBJECT ID="28"/>
    </OBJECTS>
    <LINKS>
        <LINK ID="0" O1-ID="2" O2-ID="22"/>
        <LINK ID="1" O1-ID="3" O2-ID="22"/>
        <LINK ID="2" O1-ID="5" O2-ID="23"/>
        <LINK ID="3" O1-ID="6" O2-ID="23"/>
        <LINK ID="4" O1-ID="7" O2-ID="24"/>
        <LINK ID="5" O1-ID="8" O2-ID="24"/>
        <LINK ID="6" O1-ID="10" O2-ID="25"/>
        <LINK ID="7" O1-ID="11" O2-ID="25"/>
        <LINK ID="8" O1-ID="12" O2-ID="26"/>
        <LINK ID="9" O1-ID="13" O2-ID="26"/>
        <LINK ID="10" O1-ID="14" O2-ID="26"/>
        <LINK ID="11" O1-ID="15" O2-ID="26"/>
        <LINK ID="12" O1-ID="8" O2-ID="27"/>
        <LINK ID="13" O1-ID="17" O2-ID="27"/>
        <LINK ID="14" O1-ID="17" O2-ID="28"/>
        <LINK ID="15" O1-ID="18" O2-ID="28"/>
        <LINK ID="16" O1-ID="19" O2-ID="28"/>
        <LINK ID="17" O1-ID="20" O2-ID="28"/>
        <LINK ID="18" O1-ID="21" O2-ID="28"/>
        <LINK ID="19" O1-ID="0" O2-ID="22"/>
        <LINK ID="20" O1-ID="1" O2-ID="22"/>
        <LINK ID="21" O1-ID="4" O2-ID="23"/>
        <LINK ID="22" O1-ID="7" O2-ID="24"/>
        <LINK ID="23" O1-ID="9" O2-ID="25"/>
        <LINK ID="24" O1-ID="9" O2-ID="26"/>
        <LINK ID="25" O1-ID="9" O2-ID="28"/>
        <LINK ID="26" O1-ID="16" O2-ID="27"/>
        <LINK ID="27" O1-ID="23" O2-ID="22"/>
    </LINKS>
    <ATTRIBUTES>
        <ATTRIBUTE NAME="linkType" ITEM-TYPE="L" DATA-TYPE="str">
            <ATTR-VALUE ITEM-ID="0">
                <COL-VALUE>actor-in</COL-VALUE>
            </ATTR-VALUE>
            <ATTR-VALUE ITEM-ID="1">
                <COL-VALUE>actor-in</COL-VALUE>
            </ATTR-VALUE>
            <ATTR-VALUE ITEM-ID="2">
                <COL-VALUE>actor-in</COL-VALUE>
            </ATTR-VALUE>
            <ATTR-VALUE ITEM-ID="3">
                <COL-VALUE>actor-in</COL-VALUE>
            </ATTR-VALUE>
            <ATTR-VALUE ITEM-ID="4">
                <COL-VALUE>actor-in</COL-VALUE>
            </ATTR-VALUE>
            <ATTR-VALUE ITEM-ID="5">
                <COL-VALUE>actor-in</COL-VALUE>
            </ATTR-VALUE>
            <ATTR-VALUE ITEM-ID="6">
                <COL-VALUE>actor-in</COL-VALUE>
            </ATTR-VALUE>
            <ATTR-VALUE ITEM-ID="7">
                <COL-VALUE>actor-in</COL-VALUE>
            </ATTR-VALUE>
            <ATTR-VALUE ITEM-ID="8">
                <COL-VALUE>actor-in</COL-VALUE>
            </ATTR-VALUE>
            <ATTR-VALUE ITEM-ID="9">
                <COL-VALUE>actor-in</COL-VALUE>
            </ATTR-VALUE>
            <ATTR-VALUE ITEM-ID="10">
                <COL-VALUE>actor-in</COL-VALUE>
            </ATTR-VALUE>
            <ATTR-VALUE ITEM-ID="11">
                <COL-VALUE>actor-in</COL-VALUE>
            </ATTR-VALUE>
            <ATTR-VALUE ITEM-ID="12">
                <COL-VALUE>actor-in</COL-VALUE>
            </ATTR-VALUE>
            <ATTR-VALUE ITEM-ID="13">
                <COL-VALUE>actor-in</COL-VALUE>
            </ATTR-VALUE>
            <ATTR-VALUE ITEM-ID="14">
                <COL-VALUE>actor-in</COL-VALUE>
            </ATTR-VALUE>
            <ATTR-VALUE ITEM-ID="15">
                <COL-VALUE>actor-in</COL-VALUE>
            </ATTR-VALUE>
            <ATTR-VALUE ITEM-ID="16">
                <COL-VALUE>actor-in</COL-VALUE>
            </ATTR-VALUE>
            <ATTR-VALUE ITEM-ID="17">
                <COL-VALUE>actor-in</COL-VALUE>
            </ATTR-VALUE>
            <ATTR-VALUE ITEM-ID="18">
                <COL-VALUE>actor-in</COL-VALUE>
            </ATTR-VALUE>
            <ATTR-VALUE ITEM-ID="19">
                <COL-VALUE>director-of</COL-VALUE>
            </ATTR-VALUE>
            <ATTR-VALUE ITEM-ID="20">
                <COL-VALUE>director-of</COL-VALUE>
            </ATTR-VALUE>
            <ATTR-VALUE ITEM-ID="21">
                <COL-VALUE>director-of</COL-VALUE>
            </ATTR-VALUE>
            <ATTR-VALUE ITEM-ID="22">
                <COL-VALUE>director-of</COL-VALUE>
            </ATTR-VALUE>
            <ATTR-VALUE ITEM-ID="23">
                <COL-VALUE>director-of</COL-VALUE>
            </ATTR-VALUE>
            <ATTR-VALUE ITEM-ID="24">
                <COL-VALUE>director-of</COL-VALUE>
            </ATTR-VALUE>
            <ATTR-VALUE ITEM-ID="25">
                <COL-VALUE>director-of</COL-VALUE>
            </ATTR-VALUE>
            <ATTR-VALUE ITEM-ID="26">
                <COL-VALUE>director-of</COL-VALUE>
            </ATTR-VALUE>
            <ATTR-VALUE ITEM-ID="27">
                <COL-VALUE>remake-of</COL-VALUE>
            </ATTR-VALUE>
        </ATTRIBUTE>
        <ATTRIBUTE NAME="role" ITEM-TYPE="L" DATA-TYPE="str">
            <ATTR-VALUE ITEM-ID="0">
                <COL-VALUE>Judah Ben-Hur</COL-VALUE>
            </ATTR-VALUE>
            <ATTR-VALUE ITEM-ID="1">
                <COL-VALUE>Messala</COL-VALUE>
            </ATTR-VALUE>
            <ATTR-VALUE ITEM-ID="2">
                <COL-VALUE>Judah Ben-Hur</COL-VALUE>
            </ATTR-VALUE>
            <ATTR-VALUE ITEM-ID="3">
                <COL-VALUE>Messala</COL-VALUE>
            </ATTR-VALUE>
            <ATTR-VALUE ITEM-ID="4">
                <COL-VALUE>Alvy Singer</COL-VALUE>
            </ATTR-VALUE>
            <ATTR-VALUE ITEM-ID="5">
                <COL-VALUE>Annie Hall</COL-VALUE>
            </ATTR-VALUE>
            <ATTR-VALUE ITEM-ID="6">
                <COL-VALUE>Indiana Jones</COL-VALUE>
            </ATTR-VALUE>
            <ATTR-VALUE ITEM-ID="7">
                <COL-VALUE>Marion Ravenwood</COL-VALUE>
            </ATTR-VALUE>
            <ATTR-VALUE ITEM-ID="8">
                <COL-VALUE>Albert</COL-VALUE>
            </ATTR-VALUE>
            <ATTR-VALUE ITEM-ID="9">
                <COL-VALUE>Celie</COL-VALUE>
            </ATTR-VALUE>
            <ATTR-VALUE ITEM-ID="10">
                <COL-VALUE>Shug Avery</COL-VALUE>
            </ATTR-VALUE>
            <ATTR-VALUE ITEM-ID="11">
                <COL-VALUE>Sofia</COL-VALUE>
            </ATTR-VALUE>
            <ATTR-VALUE ITEM-ID="12">
                <COL-VALUE>Anna Dunlap</COL-VALUE>
            </ATTR-VALUE>
            <ATTR-VALUE ITEM-ID="13">
                <COL-VALUE>Leo Cutter</COL-VALUE>
            </ATTR-VALUE>
            <ATTR-VALUE ITEM-ID="14">
                <COL-VALUE>Oskar Schindler</COL-VALUE>
            </ATTR-VALUE>
            <ATTR-VALUE ITEM-ID="15">
                <COL-VALUE>Itzhak Stern</COL-VALUE>
            </ATTR-VALUE>
            <ATTR-VALUE ITEM-ID="16">
                <COL-VALUE>Amon Goeth</COL-VALUE>
            </ATTR-VALUE>
            <ATTR-VALUE ITEM-ID="17">
                <COL-VALUE>Emilie Schindler</COL-VALUE>
            </ATTR-VALUE>
            <ATTR-VALUE ITEM-ID="18">
                <COL-VALUE>Helen Hirsch</COL-VALUE>
            </ATTR-VALUE>
        </ATTRIBUTE>
        <ATTRIBUTE NAME="wonAward" ITEM-TYPE="L" DATA-TYPE="str">
            <ATTR-VALUE ITEM-ID="0">
                <COL-VALUE>N</COL-VALUE>
            </ATTR-VALUE>
            <ATTR-VALUE ITEM-ID="1">
                <COL-VALUE>N</COL-VALUE>
            </ATTR-VALUE>
            <ATTR-VALUE ITEM-ID="2">
                <COL-VALUE>Y</COL-VALUE>
            </ATTR-VALUE>
            <ATTR-VALUE ITEM-ID="3">
                <COL-VALUE>N</COL-VALUE>
            </ATTR-VALUE>
            <ATTR-VALUE ITEM-ID="4">
                <COL-VALUE>N</COL-VALUE>
            </ATTR-VALUE>
            <ATTR-VALUE ITEM-ID="5">
                <COL-VALUE>Y</COL-VALUE>
            </ATTR-VALUE>
            <ATTR-VALUE ITEM-ID="6">
                <COL-VALUE>N</COL-VALUE>
            </ATTR-VALUE>
            <ATTR-VALUE ITEM-ID="7">
                <COL-VALUE>N</COL-VALUE>
            </ATTR-VALUE>
            <ATTR-VALUE ITEM-ID="8">
                <COL-VALUE>N</COL-VALUE>
            </ATTR-VALUE>
            <ATTR-VALUE ITEM-ID="9">
                <COL-VALUE>N</COL-VALUE>
            </ATTR-VALUE>
            <ATTR-VALUE ITEM-ID="10">
                <COL-VALUE>N</COL-VALUE>
            </ATTR-VALUE>
            <ATTR-VALUE ITEM-ID="11">
                <COL-VALUE>N</COL-VALUE>
            </ATTR-VALUE>
            <ATTR-VALUE ITEM-ID="12">
                <COL-VALUE>N</COL-VALUE>
            </ATTR-VALUE>
            <ATTR-VALUE ITEM-ID="13">
                <COL-VALUE>N</COL-VALUE>
            </ATTR-VALUE>
            <ATTR-VALUE ITEM-ID="14">
                <COL-VALUE>N</COL-VALUE>
            </ATTR-VALUE>
            <ATTR-VALUE ITEM-ID="15">
                <COL-VALUE>N</COL-VALUE>
            </ATTR-VALUE>
            <ATTR-VALUE ITEM-ID="16">
                <COL-VALUE>N</COL-VALUE>
            </ATTR-VALUE>
            <ATTR-VALUE ITEM-ID="17">
                <COL-VALUE>N</COL-VALUE>
            </ATTR-VALUE>
            <ATTR-VALUE ITEM-ID="18">
                <COL-VALUE>N</COL-VALUE>
            </ATTR-VALUE>
            <ATTR-VALUE ITEM-ID="19">
                <COL-VALUE>N</COL-VALUE>
            </ATTR-VALUE>
            <ATTR-VALUE ITEM-ID="20">
                <COL-VALUE>N</COL-VALUE>
            </ATTR-VALUE>
            <ATTR-VALUE ITEM-ID="21">
                <COL-VALUE>Y</COL-VALUE>
            </ATTR-VALUE>
            <ATTR-VALUE ITEM-ID="22">
                <COL-VALUE>Y</COL-VALUE>
            </ATTR-VALUE>
            <ATTR-VALUE ITEM-ID="23">
                <COL-VALUE>N</COL-VALUE>
            </ATTR-VALUE>
            <ATTR-VALUE ITEM-ID="24">
                <COL-VALUE>N</COL-VALUE>
            </ATTR-VALUE>
            <ATTR-VALUE ITEM-ID="25">
                <COL-VALUE>Y</COL-VALUE>
            </ATTR-VALUE>
            <ATTR-VALUE ITEM-ID="26">
                <COL-VALUE>N</COL-VALUE>
            </ATTR-VALUE>
        </ATTRIBUTE>
        <ATTRIBUTE NAME="birth_name" ITEM-TYPE="O" DATA-TYPE="str">
            <ATTR-VALUE ITEM-ID="1">
                <COL-VALUE>Frederik Liedtke</COL-VALUE>
            </ATTR-VALUE>
            <ATTR-VALUE ITEM-ID="2">
                <COL-VALUE>Ramon Gil Samaniego</COL-VALUE>
            </ATTR-VALUE>
            <ATTR-VALUE ITEM-ID="3">
                <COL-VALUE>Francis Xavier Bushman</COL-VALUE>
            </ATTR-VALUE>
            <ATTR-VALUE ITEM-ID="4">
                <COL-VALUE>Wilhelm Weiller</COL-VALUE>
            </ATTR-VALUE>
            <ATTR-VALUE ITEM-ID="5">
                <COL-VALUE>John Charles Carter</COL-VALUE>
            </ATTR-VALUE>
            <ATTR-VALUE ITEM-ID="6">
                <COL-VALUE>William Millar</COL-VALUE>
            </ATTR-VALUE>
            <ATTR-VALUE ITEM-ID="7">
                <COL-VALUE>Allan Stewart Konigsberg</COL-VALUE>
            </ATTR-VALUE>
            <ATTR-VALUE ITEM-ID="8">
                <COL-VALUE>Diane Hall</COL-VALUE>
            </ATTR-VALUE>
            <ATTR-VALUE ITEM-ID="9">
                <COL-VALUE>Steven Allan Spielberg</COL-VALUE>
            </ATTR-VALUE>
            <ATTR-VALUE ITEM-ID="10">
                <COL-VALUE>Harrison Ford</COL-VALUE>
            </ATTR-VALUE>
            <ATTR-VALUE ITEM-ID="11">
                <COL-VALUE>Karen Jane Allen</COL-VALUE>
            </ATTR-VALUE>
            <ATTR-VALUE ITEM-ID="12">
                <COL-VALUE>Danny Lebern Glover</COL-VALUE>
            </ATTR-VALUE>
            <ATTR-VALUE ITEM-ID="13">
                <COL-VALUE>Caryn Elaine Johnson</COL-VALUE>
            </ATTR-VALUE>
            <ATTR-VALUE ITEM-ID="15">
                <COL-VALUE>Oprah Gail Winfrey</COL-VALUE>
            </ATTR-VALUE>
            <ATTR-VALUE ITEM-ID="16">
                <COL-VALUE>Leonard Simon Nimoy</COL-VALUE>
            </ATTR-VALUE>
            <ATTR-VALUE ITEM-ID="17">
                <COL-VALUE>William John Neeson</COL-VALUE>
            </ATTR-VALUE>
            <ATTR-VALUE ITEM-ID="18">
                <COL-VALUE>Krishna Bhanji</COL-VALUE>
            </ATTR-VALUE>
            <ATTR-VALUE ITEM-ID="19">
                <COL-VALUE>Ralph Nathaniel Fiennes</COL-VALUE>
            </ATTR-VALUE>
            <ATTR-VALUE ITEM-ID="21">
                <COL-VALUE>Embeth Jean Davidtz</COL-VALUE>
            </ATTR-VALUE>
        </ATTRIBUTE>
        <ATTRIBUTE NAME="date_of_birth" ITEM-TYPE="O" DATA-TYPE="date">
            <ATTR-VALUE ITEM-ID="0">
                <COL-VALUE>1895-12-03</COL-VALUE>
            </ATTR-VALUE>
            <ATTR-VALUE ITEM-ID="1">
                <COL-VALUE>1874-01-06</COL-VALUE>
            </ATTR-VALUE>
            <ATTR-VALUE ITEM-ID="2">
                <COL-VALUE>1899-02-06</COL-VALUE>
            </ATTR-VALUE>
            <ATTR-VALUE ITEM-ID="3">
                <COL-VALUE>1883-01-10</COL-VALUE>
            </ATTR-VALUE>
            <ATTR-VALUE ITEM-ID="4">
                <COL-VALUE>1902-07-01</COL-VALUE>
            </ATTR-VALUE>
            <ATTR-VALUE ITEM-ID="5">
                <COL-VALUE>1924-10-04</COL-VALUE>
            </ATTR-VALUE>
            <ATTR-VALUE ITEM-ID="6">
                <COL-VALUE>1931-07-04</COL-VALUE>
            </ATTR-VALUE>
            <ATTR-VALUE ITEM-ID="7">
                <COL-VALUE>1935-12-01</COL-VALUE>
            </ATTR-VALUE>
            <ATTR-VALUE ITEM-ID="8">
                <COL-VALUE>1946-01-05</COL-VALUE>
            </ATTR-VALUE>
            <ATTR-VALUE ITEM-ID="9">
                <COL-VALUE>1946-12-18</COL-VALUE>
            </ATTR-VALUE>
            <ATTR-VALUE ITEM-ID="10">
                <COL-VALUE>1942-07-13</COL-VALUE>
            </ATTR-VALUE>
            <ATTR-VALUE ITEM-ID="11">
                <COL-VALUE>1951-10-05</COL-VALUE>
            </ATTR-VALUE>
            <ATTR-VALUE ITEM-ID="12">
                <COL-VALUE>1946-07-22</COL-VALUE>
            </ATTR-VALUE>
            <ATTR-VALUE ITEM-ID="13">
                <COL-VALUE>1955-11-13</COL-VALUE>
            </ATTR-VALUE>
            <ATTR-VALUE ITEM-ID="15">
                <COL-VALUE>1954-01-29</COL-VALUE>
            </ATTR-VALUE>
            <ATTR-VALUE ITEM-ID="16">
                <COL-VALUE>1931-03-26</COL-VALUE>
            </ATTR-VALUE>
            <ATTR-VALUE ITEM-ID="17">
                <COL-VALUE>1952-06-07</COL-VALUE>
            </ATTR-VALUE>
            <ATTR-VALUE ITEM-ID="18">
                <COL-VALUE>1943-12-31</COL-VALUE>
            </ATTR-VALUE>
            <ATTR-VALUE ITEM-ID="19">
                <COL-VALUE>1962-12-22</COL-VALUE>
            </ATTR-VALUE>
            <ATTR-VALUE ITEM-ID="20">
                <COL-VALUE>1959-11-13</COL-VALUE>
            </ATTR-VALUE>
            <ATTR-VALUE ITEM-ID="21">
                <COL-VALUE>1966-01-01</COL-VALUE>
            </ATTR-VALUE>
        </ATTRIBUTE>
        <ATTRIBUTE NAME="date_of_death" ITEM-TYPE="O" DATA-TYPE="date">
            <ATTR-VALUE ITEM-ID="0">
                <COL-VALUE>1996-01-12</COL-VALUE>
            </ATTR-VALUE>
            <ATTR-VALUE ITEM-ID="1">
                <COL-VALUE>1948-11-11</COL-VALUE>
            </ATTR-VALUE>
            <ATTR-VALUE ITEM-ID="2">
                <COL-VALUE>1968-10-30</COL-VALUE>
            </ATTR-VALUE>
            <ATTR-VALUE ITEM-ID="3">
                <COL-VALUE>1966-08-23</COL-VALUE>
            </ATTR-VALUE>
            <ATTR-VALUE ITEM-ID="4">
                <COL-VALUE>1981-07-27</COL-VALUE>
            </ATTR-VALUE>
            <ATTR-VALUE ITEM-ID="6">
                <COL-VALUE>1977-06-02</COL-VALUE>
            </ATTR-VALUE>
        </ATTRIBUTE>
        <ATTRIBUTE NAME="gender" ITEM-TYPE="O" DATA-TYPE="str">
            <ATTR-VALUE ITEM-ID="0">
                <COL-VALUE>M</COL-VALUE>
            </ATTR-VALUE>
            <ATTR-VALUE ITEM-ID="1">
                <COL-VALUE>M</COL-VALUE>
            </ATTR-VALUE>
            <ATTR-VALUE ITEM-ID="2">
                <COL-VALUE>M</COL-VALUE>
            </ATTR-VALUE>
            <ATTR-VALUE ITEM-ID="3">
                <COL-VALUE>M</COL-VALUE>
            </ATTR-VALUE>
            <ATTR-VALUE ITEM-ID="4">
                <COL-VALUE>M</COL-VALUE>
            </ATTR-VALUE>
            <ATTR-VALUE ITEM-ID="5">
                <COL-VALUE>M</COL-VALUE>
            </ATTR-VALUE>
            <ATTR-VALUE ITEM-ID="6">
                <COL-VALUE>M</COL-VALUE>
            </ATTR-VALUE>
            <ATTR-VALUE ITEM-ID="7">
                <COL-VALUE>M</COL-VALUE>
            </ATTR-VALUE>
            <ATTR-VALUE ITEM-ID="8">
                <COL-VALUE>F</COL-VALUE>
            </ATTR-VALUE>
            <ATTR-VALUE ITEM-ID="9">
                <COL-VALUE>M</COL-VALUE>
            </ATTR-VALUE>
            <ATTR-VALUE ITEM-ID="10">
                <COL-VALUE>M</COL-VALUE>
            </ATTR-VALUE>
            <ATTR-VALUE ITEM-ID="11">
                <COL-VALUE>F</COL-VALUE>
            </ATTR-VALUE>
            <ATTR-VALUE ITEM-ID="12">
                <COL-VALUE>M</COL-VALUE>
            </ATTR-VALUE>
            <ATTR-VALUE ITEM-ID="13">
                <COL-VALUE>F</COL-VALUE>
            </ATTR-VALUE>
            <ATTR-VALUE ITEM-ID="14">
                <COL-VALUE>F</COL-VALUE>
            </ATTR-VALUE>
            <ATTR-VALUE ITEM-ID="15">
                <COL-VALUE>F</COL-VALUE>
            </ATTR-VALUE>
            <ATTR-VALUE ITEM-ID="16">
                <COL-VALUE>M</COL-VALUE>
            </ATTR-VALUE>
            <ATTR-VALUE ITEM-ID="17">
                <COL-VALUE>M</COL-VALUE>
            </ATTR-VALUE>
            <ATTR-VALUE ITEM-ID="18">
                <COL-VALUE>M</COL-VALUE>
            </ATTR-VALUE>
            <ATTR-VALUE ITEM-ID="19">
                <COL-VALUE>M</COL-VALUE>
            </ATTR-VALUE>
            <ATTR-VALUE ITEM-ID="20">
                <COL-VALUE>F</COL-VALUE>
            </ATTR-VALUE>
            <ATTR-VALUE ITEM-ID="21">
                <COL-VALUE>F</COL-VALUE>
            </ATTR-VALUE>
        </ATTRIBUTE>
        <ATTRIBUTE NAME="genre" ITEM-TYPE="O" DATA-TYPE="str">
            <ATTR-VALUE ITEM-ID="22">
                <COL-VALUE>drama</COL-VALUE>
            </ATTR-VALUE>
            <ATTR-VALUE ITEM-ID="23">
                <COL-VALUE>action/drama</COL-VALUE>
            </ATTR-VALUE>
            <ATTR-VALUE ITEM-ID="24">
                <COL-VALUE>comedy/romance</COL-VALUE>
            </ATTR-VALUE>
            <ATTR-VALUE ITEM-ID="25">
                <COL-VALUE>action/adventure</COL-VALUE>
            </ATTR-VALUE>
            <ATTR-VALUE ITEM-ID="26">
                <COL-VALUE>drama</COL-VALUE>
            </ATTR-VALUE>
            <ATTR-VALUE ITEM-ID="27">
                <COL-VALUE>drama</COL-VALUE>
            </ATTR-VALUE>
            <ATTR-VALUE ITEM-ID="28">
                <COL-VALUE>drama</COL-VALUE>
            </ATTR-VALUE>
        </ATTRIBUTE>
        <ATTRIBUTE NAME="numberOscars" ITEM-TYPE="O" DATA-TYPE="int">
            <ATTR-VALUE ITEM-ID="0">
                <COL-VALUE>0</COL-VALUE>
            </ATTR-VALUE>
            <ATTR-VALUE ITEM-ID="1">
                <COL-VALUE>0</COL-VALUE>
            </ATTR-VALUE>
            <ATTR-VALUE ITEM-ID="2">
                <COL-VALUE>0</COL-VALUE>
            </ATTR-VALUE>
            <ATTR-VALUE ITEM-ID="3">
                <COL-VALUE>0</COL-VALUE>
            </ATTR-VALUE>
            <ATTR-VALUE ITEM-ID="4">
                <COL-VALUE>1</COL-VALUE>
            </ATTR-VALUE>
            <ATTR-VALUE ITEM-ID="5">
                <COL-VALUE>1</COL-VALUE>
            </ATTR-VALUE>
            <ATTR-VALUE ITEM-ID="6">
                <COL-VALUE>0</COL-VALUE>
            </ATTR-VALUE>
            <ATTR-VALUE ITEM-ID="7">
                <COL-VALUE>3</COL-VALUE>
            </ATTR-VALUE>
            <ATTR-VALUE ITEM-ID="8">
                <COL-VALUE>1</COL-VALUE>
            </ATTR-VALUE>
            <ATTR-VALUE ITEM-ID="9">
                <COL-VALUE>3</COL-VALUE>
            </ATTR-VALUE>
            <ATTR-VALUE ITEM-ID="10">
                <COL-VALUE>0</COL-VALUE>
            </ATTR-VALUE>
            <ATTR-VALUE ITEM-ID="11">
                <COL-VALUE>0</COL-VALUE>
            </ATTR-VALUE>
            <ATTR-VALUE ITEM-ID="12">
                <COL-VALUE>0</COL-VALUE>
            </ATTR-VALUE>
            <ATTR-VALUE ITEM-ID="13">
                <COL-VALUE>1</COL-VALUE>
            </ATTR-VALUE>
            <ATTR-VALUE ITEM-ID="14">
                <COL-VALUE>0</COL-VALUE>
            </ATTR-VALUE>
            <ATTR-VALUE ITEM-ID="15">
                <COL-VALUE>0</COL-VALUE>
            </ATTR-VALUE>
            <ATTR-VALUE ITEM-ID="16">
                <COL-VALUE>0</COL-VALUE>
            </ATTR-VALUE>
            <ATTR-VALUE ITEM-ID="17">
                <COL-VALUE>0</COL-VALUE>
            </ATTR-VALUE>
            <ATTR-VALUE ITEM-ID="18">
                <COL-VALUE>1</COL-VALUE>
            </ATTR-VALUE>
            <ATTR-VALUE ITEM-ID="19">
                <COL-VALUE>0</COL-VALUE>
            </ATTR-VALUE>
            <ATTR-VALUE ITEM-ID="20">
                <COL-VALUE>0</COL-VALUE>
            </ATTR-VALUE>
            <ATTR-VALUE ITEM-ID="21">
                <COL-VALUE>0</COL-VALUE>
            </ATTR-VALUE>
            <ATTR-VALUE ITEM-ID="23">
                <COL-VALUE>11</COL-VALUE>
            </ATTR-VALUE>
            <ATTR-VALUE ITEM-ID="24">
                <COL-VALUE>4</COL-VALUE>
            </ATTR-VALUE>
            <ATTR-VALUE ITEM-ID="25">
                <COL-VALUE>4</COL-VALUE>
            </ATTR-VALUE>
            <ATTR-VALUE ITEM-ID="26">
                <COL-VALUE>0</COL-VALUE>
            </ATTR-VALUE>
            <ATTR-VALUE ITEM-ID="27">
                <COL-VALUE>0</COL-VALUE>
            </ATTR-VALUE>
            <ATTR-VALUE ITEM-ID="28">
                <COL-VALUE>7</COL-VALUE>
            </ATTR-VALUE>
        </ATTRIBUTE>
        <ATTRIBUTE NAME="objectType" ITEM-TYPE="O" DATA-TYPE="str">
            <ATTR-VALUE ITEM-ID="0">
                <COL-VALUE>person</COL-VALUE>
            </ATTR-VALUE>
            <ATTR-VALUE ITEM-ID="1">
                <COL-VALUE>person</COL-VALUE>
            </ATTR-VALUE>
            <ATTR-VALUE ITEM-ID="2">
                <COL-VALUE>person</COL-VALUE>
            </ATTR-VALUE>
            <ATTR-VALUE ITEM-ID="3">
                <COL-VALUE>person</COL-VALUE>
            </ATTR-VALUE>
            <ATTR-VALUE ITEM-ID="4">
                <COL-VALUE>person</COL-VALUE>
            </ATTR-VALUE>
            <ATTR-VALUE ITEM-ID="5">
                <COL-VALUE>person</COL-VALUE>
            </ATTR-VALUE>
            <ATTR-VALUE ITEM-ID="6">
                <COL-VALUE>person</COL-VALUE>
            </ATTR-VALUE>
            <ATTR-VALUE ITEM-ID="7">
                <COL-VALUE>person</COL-VALUE>
            </ATTR-VALUE>
            <ATTR-VALUE ITEM-ID="8">
                <COL-VALUE>person</COL-VALUE>
            </ATTR-VALUE>
            <ATTR-VALUE ITEM-ID="9">
                <COL-VALUE>person</COL-VALUE>
            </ATTR-VALUE>
            <ATTR-VALUE ITEM-ID="10">
                <COL-VALUE>person</COL-VALUE>
            </ATTR-VALUE>
            <ATTR-VALUE ITEM-ID="11">
                <COL-VALUE>person</COL-VALUE>
            </ATTR-VALUE>
            <ATTR-VALUE ITEM-ID="12">
                <COL-VALUE>person</COL-VALUE>
            </ATTR-VALUE>
            <ATTR-VALUE ITEM-ID="13">
                <COL-VALUE>person</COL-VALUE>
            </ATTR-VALUE>
            <ATTR-VALUE ITEM-ID="14">
                <COL-VALUE>person</COL-VALUE>
            </ATTR-VALUE>
            <ATTR-VALUE ITEM-ID="15">
                <COL-VALUE>person</COL-VALUE>
            </ATTR-VALUE>
            <ATTR-VALUE ITEM-ID="16">
                <COL-VALUE>person</COL-VALUE>
            </ATTR-VALUE>
            <ATTR-VALUE ITEM-ID="17">
                <COL-VALUE>person</COL-VALUE>
            </ATTR-VALUE>
            <ATTR-VALUE ITEM-ID="18">
                <COL-VALUE>person</COL-VALUE>
            </ATTR-VALUE>
            <ATTR-VALUE ITEM-ID="19">
                <COL-VALUE>person</COL-VALUE>
            </ATTR-VALUE>
            <ATTR-VALUE ITEM-ID="20">
                <COL-VALUE>person</COL-VALUE>
            </ATTR-VALUE>
            <ATTR-VALUE ITEM-ID="21">
                <COL-VALUE>person</COL-VALUE>
            </ATTR-VALUE>
            <ATTR-VALUE ITEM-ID="22">
                <COL-VALUE>movie</COL-VALUE>
            </ATTR-VALUE>
            <ATTR-VALUE ITEM-ID="23">
                <COL-VALUE>movie</COL-VALUE>
            </ATTR-VALUE>
            <ATTR-VALUE ITEM-ID="24">
                <COL-VALUE>movie</COL-VALUE>
            </ATTR-VALUE>
            <ATTR-VALUE ITEM-ID="25">
                <COL-VALUE>movie</COL-VALUE>
            </ATTR-VALUE>
            <ATTR-VALUE ITEM-ID="26">
                <COL-VALUE>movie</COL-VALUE>
            </ATTR-VALUE>
            <ATTR-VALUE ITEM-ID="27">
                <COL-VALUE>movie</COL-VALUE>
            </ATTR-VALUE>
            <ATTR-VALUE ITEM-ID="28">
                <COL-VALUE>movie</COL-VALUE>
            </ATTR-VALUE>
        </ATTRIBUTE>
        <ATTRIBUTE NAME="professional_name" ITEM-TYPE="O" DATA-TYPE="str">
            <ATTR-VALUE ITEM-ID="0">
                <COL-VALUE>J.J. Cohn</COL-VALUE>
            </ATTR-VALUE>
            <ATTR-VALUE ITEM-ID="1">
                <COL-VALUE>Fred Niblo</COL-VALUE>
            </ATTR-VALUE>
            <ATTR-VALUE ITEM-ID="2">
                <COL-VALUE>Ramon Novarro</COL-VALUE>
            </ATTR-VALUE>
            <ATTR-VALUE ITEM-ID="3">
                <COL-VALUE>Francis X. Bushman</COL-VALUE>
            </ATTR-VALUE>
            <ATTR-VALUE ITEM-ID="4">
                <COL-VALUE>William Wyler</COL-VALUE>
            </ATTR-VALUE>
            <ATTR-VALUE ITEM-ID="5">
                <COL-VALUE>Charlton Heston</COL-VALUE>
            </ATTR-VALUE>
            <ATTR-VALUE ITEM-ID="6">
                <COL-VALUE>Stephen Boyd</COL-VALUE>
            </ATTR-VALUE>
            <ATTR-VALUE ITEM-ID="7">
                <COL-VALUE>Woody Allen</COL-VALUE>
            </ATTR-VALUE>
            <ATTR-VALUE ITEM-ID="8">
                <COL-VALUE>Diane Keaton</COL-VALUE>
            </ATTR-VALUE>
            <ATTR-VALUE ITEM-ID="9">
                <COL-VALUE>Steven Spielberg</COL-VALUE>
            </ATTR-VALUE>
            <ATTR-VALUE ITEM-ID="10">
                <COL-VALUE>Harrison Ford</COL-VALUE>
            </ATTR-VALUE>
            <ATTR-VALUE ITEM-ID="11">
                <COL-VALUE>Karen Allen</COL-VALUE>
            </ATTR-VALUE>
            <ATTR-VALUE ITEM-ID="12">
                <COL-VALUE>Danny Glover</COL-VALUE>
            </ATTR-VALUE>
            <ATTR-VALUE ITEM-ID="13">
                <COL-VALUE>Whoopi Goldberg</COL-VALUE>
            </ATTR-VALUE>
            <ATTR-VALUE ITEM-ID="14">
                <COL-VALUE>Margaret Avery</COL-VALUE>
            </ATTR-VALUE>
            <ATTR-VALUE ITEM-ID="15">
                <COL-VALUE>Oprah Winfrey</COL-VALUE>
            </ATTR-VALUE>
            <ATTR-VALUE ITEM-ID="16">
                <COL-VALUE>Leonard Nimoy</COL-VALUE>
            </ATTR-VALUE>
            <ATTR-VALUE ITEM-ID="17">
                <COL-VALUE>Liam Neeson</COL-VALUE>
            </ATTR-VALUE>
            <ATTR-VALUE ITEM-ID="18">
                <COL-VALUE>Ben Kingsley</COL-VALUE>
            </ATTR-VALUE>
            <ATTR-VALUE ITEM-ID="19">
                <COL-VALUE>Ralph Fiennes</COL-VALUE>
            </ATTR-VALUE>
            <ATTR-VALUE ITEM-ID="20">
                <COL-VALUE>Caroline Goodall</COL-VALUE>
            </ATTR-VALUE>
            <ATTR-VALUE ITEM-ID="21">
                <COL-VALUE>Embeth Davidtz</COL-VALUE>
            </ATTR-VALUE>
        </ATTRIBUTE>
        <ATTRIBUTE NAME="release_year" ITEM-TYPE="O" DATA-TYPE="int">
            <ATTR-VALUE ITEM-ID="22">
                <COL-VALUE>1925</COL-VALUE>
            </ATTR-VALUE>
            <ATTR-VALUE ITEM-ID="23">
                <COL-VALUE>1959</COL-VALUE>
            </ATTR-VALUE>
            <ATTR-VALUE ITEM-ID="24">
                <COL-VALUE>1977</COL-VALUE>
            </ATTR-VALUE>
            <ATTR-VALUE ITEM-ID="25">
                <COL-VALUE>1981</COL-VALUE>
            </ATTR-VALUE>
            <ATTR-VALUE ITEM-ID="26">
                <COL-VALUE>1985</COL-VALUE>
            </ATTR-VALUE>
            <ATTR-VALUE ITEM-ID="27">
                <COL-VALUE>1988</COL-VALUE>
            </ATTR-VALUE>
            <ATTR-VALUE ITEM-ID="28">
                <COL-VALUE>1993</COL-VALUE>
            </ATTR-VALUE>
        </ATTRIBUTE>
        <ATTRIBUTE NAME="title" ITEM-TYPE="O" DATA-TYPE="str">
            <ATTR-VALUE ITEM-ID="22">
                <COL-VALUE>Ben-Hur</COL-VALUE>
            </ATTR-VALUE>
            <ATTR-VALUE ITEM-ID="23">
                <COL-VALUE>Ben-Hur</COL-VALUE>
            </ATTR-VALUE>
            <ATTR-VALUE ITEM-ID="24">
                <COL-VALUE>Annie Hall</COL-VALUE>
            </ATTR-VALUE>
            <ATTR-VALUE ITEM-ID="25">
                <COL-VALUE>Raiders of the Lost Ark</COL-VALUE>
            </ATTR-VALUE>
            <ATTR-VALUE ITEM-ID="26">
                <COL-VALUE>The Color Purple</COL-VALUE>
            </ATTR-VALUE>
            <ATTR-VALUE ITEM-ID="27">
                <COL-VALUE>The Good Mother</COL-VALUE>
            </ATTR-VALUE>
            <ATTR-VALUE ITEM-ID="28">
                <COL-VALUE>Schindler's List</COL-VALUE>
            </ATTR-VALUE>
        </ATTRIBUTE>
    </ATTRIBUTES>
</PROX3DB>
