<?xml version="1.0" encoding="UTF-8"?>

<!-- Part of the open-source Proximity system (see LICENSE for 
     copyright and license information). -->

<!DOCTYPE PROX3DB SYSTEM "prox3db.dtd">
<PROX3DB NAME="Import_MismatchedIDs_DB">
    <OBJECTS>
        <OBJECT ID="200"/>
        <OBJECT ID="201"/>
        <OBJECT ID="202"/>
        <OBJECT ID="205"/>
    </OBJECTS>
    <LINKS>
    </LINKS>
    <ATTRIBUTES>
        <ATTRIBUTE NAME="persons_id" ITEM-TYPE="O" DATA-TYPE="INT">
            <ATTR-VALUE ITEM-ID="200">
                  <COL-VALUE>15</COL-VALUE>
            </ATTR-VALUE>
            <ATTR-VALUE ITEM-ID="201">
                  <COL-VALUE>16</COL-VALUE>
            </ATTR-VALUE>
            <ATTR-VALUE ITEM-ID="202">
                  <COL-VALUE>25</COL-VALUE>
            </ATTR-VALUE>
            <ATTR-VALUE ITEM-ID="205">
                  <COL-VALUE>35</COL-VALUE>
            </ATTR-VALUE>
        </ATTRIBUTE>
    </ATTRIBUTES>
</PROX3DB>
