<?xml version="1.0" encoding="UTF-8"?>

<!-- Part of the open-source Proximity system (see LICENSE for 
     copyright and license information). -->

<!DOCTYPE PROX3DB SYSTEM "prox3db.dtd">
<PROX3DB NAME="Queries_EfficientParameterQueries_DB">
    <OBJECTS>
        <OBJECT ID="01"/>
        <OBJECT ID="02"/>
        <OBJECT ID="03"/>
        <OBJECT ID="10"/>
        <OBJECT ID="11"/>
        <OBJECT ID="12"/>
        <OBJECT ID="13"/>
        <OBJECT ID="14"/>
        <OBJECT ID="15"/>
        <OBJECT ID="16"/>
        <OBJECT ID="17"/>
        <OBJECT ID="18"/>
        <OBJECT ID="19"/>
        <OBJECT ID="20"/>
    </OBJECTS>
    <LINKS>
        <LINK ID="01" O1-ID="10" O2-ID="01"/>
        <LINK ID="02" O1-ID="11" O2-ID="01"/>
        <LINK ID="03" O1-ID="12" O2-ID="01"/>
        <LINK ID="04" O1-ID="13" O2-ID="02"/>
        <LINK ID="05" O1-ID="14" O2-ID="02"/>
        <LINK ID="06" O1-ID="15" O2-ID="03"/>
        <LINK ID="07" O1-ID="16" O2-ID="03"/>
    </LINKS>
    <ATTRIBUTES>
        <ATTRIBUTE NAME="object_type" ITEM-TYPE="O" DATA-TYPE="STR">
            <ATTR-VALUE ITEM-ID="01">
                <COL-VALUE>movie</COL-VALUE>
            </ATTR-VALUE>
            <ATTR-VALUE ITEM-ID="02">
                <COL-VALUE>movie</COL-VALUE>
            </ATTR-VALUE>
            <ATTR-VALUE ITEM-ID="03">
                <COL-VALUE>movie</COL-VALUE>
            </ATTR-VALUE>
            <ATTR-VALUE ITEM-ID="10">
                <COL-VALUE>actor</COL-VALUE>
            </ATTR-VALUE>
            <ATTR-VALUE ITEM-ID="11">
                <COL-VALUE>actor</COL-VALUE>
            </ATTR-VALUE>
            <ATTR-VALUE ITEM-ID="12">
                <COL-VALUE>actor</COL-VALUE>
            </ATTR-VALUE>
            <ATTR-VALUE ITEM-ID="13">
                <COL-VALUE>actor</COL-VALUE>
            </ATTR-VALUE>
            <ATTR-VALUE ITEM-ID="14">
                <COL-VALUE>actor</COL-VALUE>
            </ATTR-VALUE>
            <ATTR-VALUE ITEM-ID="15">
                <COL-VALUE>actor</COL-VALUE>
            </ATTR-VALUE>
            <ATTR-VALUE ITEM-ID="16">
                <COL-VALUE>actor</COL-VALUE>
            </ATTR-VALUE>
            <ATTR-VALUE ITEM-ID="17">
                <COL-VALUE>actor</COL-VALUE>
            </ATTR-VALUE>
            <ATTR-VALUE ITEM-ID="18">
                <COL-VALUE>actor</COL-VALUE>
            </ATTR-VALUE>
            <ATTR-VALUE ITEM-ID="19">
                <COL-VALUE>actor</COL-VALUE>
            </ATTR-VALUE>
            <ATTR-VALUE ITEM-ID="20">
                <COL-VALUE>actor</COL-VALUE>
            </ATTR-VALUE>
        </ATTRIBUTE>
        <ATTRIBUTE NAME="decade" ITEM-TYPE="O" DATA-TYPE="INT">
            <ATTR-VALUE ITEM-ID="01">
                <COL-VALUE>70</COL-VALUE>
            </ATTR-VALUE>
            <ATTR-VALUE ITEM-ID="02">
                <COL-VALUE>80</COL-VALUE>
            </ATTR-VALUE>
            <ATTR-VALUE ITEM-ID="03">
                <COL-VALUE>80</COL-VALUE>
            </ATTR-VALUE>
        </ATTRIBUTE>
        <ATTRIBUTE NAME="link_type" ITEM-TYPE="L" DATA-TYPE="STR">
            <ATTR-VALUE ITEM-ID="01">
                <COL-VALUE>actedIn</COL-VALUE>
            </ATTR-VALUE>
            <ATTR-VALUE ITEM-ID="02">
                <COL-VALUE>actedIn</COL-VALUE>
            </ATTR-VALUE>
            <ATTR-VALUE ITEM-ID="03">
                <COL-VALUE>actedIn</COL-VALUE>
            </ATTR-VALUE>
            <ATTR-VALUE ITEM-ID="04">
                <COL-VALUE>actedIn</COL-VALUE>
            </ATTR-VALUE>
            <ATTR-VALUE ITEM-ID="05">
                <COL-VALUE>actedIn</COL-VALUE>
            </ATTR-VALUE>
            <ATTR-VALUE ITEM-ID="06">
                <COL-VALUE>actedIn</COL-VALUE>
            </ATTR-VALUE>
            <ATTR-VALUE ITEM-ID="07">
                <COL-VALUE>actedIn</COL-VALUE>
            </ATTR-VALUE>
        </ATTRIBUTE>
    </ATTRIBUTES>
</PROX3DB>
