
<!DOCTYPE graph-query SYSTEM "graph-query.dtd"> 

<!-- Copyright 2001-2002, Knowledge Discovery Laboratory, Computer Science
     Department, University of Massachusetts, Amherst. All rights reserved. 
-->
<graph-query name="new-editor-query">
    <description>This is a new query generated by the editor</description>
    <query-body>
        <vertex name="paper">
            <condition>
                <and>


                    <test>


                        <operator>eq</operator>


                        <attribute-name>objecttype</attribute-name>


                        <value>Paper</value>


                    </test>


                    <test>


                        <operator>le</operator>


                        <attribute-name>paper_citations_in</attribute-name>


                        <value>9</value>


                    </test>


                </and>
            </condition>
            <numeric-annotation>
                <min>5</min>
            </numeric-annotation>
        </vertex>
        <vertex name="journal">
            <condition>
                <test>


                    <operator>eq</operator>


                    <attribute-name>objecttype</attribute-name>


                    <value>Journal</value>


                </test>
            </condition>
        </vertex>
        <edge name="published">
            <vertex1>paper</vertex1>
            <vertex2>journal</vertex2>
            <directed>true</directed>
            <condition>
                <test>


                    <operator>eq</operator>


                    <attribute-name>linktype</attribute-name>


                    <value>Published_in</value>


                </test>
            </condition>
            <numeric-annotation>
                <min>1</min>
            </numeric-annotation>
        </edge>
    </query-body>
</graph-query>