
<!DOCTYPE graph-query SYSTEM "graph-query.dtd"> 

<!-- Copyright 2001-2002, Knowledge Discovery Laboratory, Computer Science
     Department, University of Massachusetts, Amherst. All rights reserved. 
-->
<graph-query name="new-editor-query">
    <query-body>
        <vertex name="paper">
            <condition>
                <and>
                    <test>
                        <operator>eq</operator>
                        <attribute-name>objecttype</attribute-name>
                        <value>Paper</value>
                    </test>
                    <test>
                        <operator>ge</operator>
                        <attribute-name>paper_citations_in</attribute-name>
                        <value>100</value>
                    </test>
                </and>
            </condition>
        </vertex>
        <vertex name="journal">
            <condition>
                <test>


                    <operator>eq</operator>


                    <attribute-name>objecttype</attribute-name>


                    <value>Journal</value>


                </test>
            </condition>
        </vertex>
        <vertex name="author">
            <condition>
                <test>


                    <operator>eq</operator>


                    <attribute-name>objecttype</attribute-name>


                    <value>Author</value>


                </test>
            </condition>
            <numeric-annotation>
                <min>1</min>
            </numeric-annotation>
        </vertex>
        <edge name="authored">
            <vertex1>author</vertex1>
            <vertex2>paper</vertex2>
            <directed>true</directed>
            <condition>
                <test>


                    <operator>eq</operator>


                    <attribute-name>linktype</attribute-name>


                    <value>Authored</value>


                </test>
            </condition>
            <numeric-annotation>
                <min>1</min>
            </numeric-annotation>
        </edge>
        <edge name="published">
            <vertex1>paper</vertex1>
            <vertex2>journal</vertex2>
            <directed>true</directed>
            <condition>
                <test>


                    <operator>eq</operator>


                    <attribute-name>linktype</attribute-name>


                    <value>Published_in</value>


                </test>
            </condition>
        </edge>
    </query-body>
</graph-query>