<!DOCTYPE graph-query SYSTEM "graph-query.dtd">

<!--
$Id: bad-caches.xml 2733 2006-09-11 21:33:59Z schapira $

Part of the open-source Proximity system
  (see LICENSE for copyright and license information).

-->
<graph-query name="Test Query">
    <description>a test query with an incorrect</description>
    <query-body>
        <vertex name="v1">
        </vertex>
        <vertex name="v2">
        </vertex>
        <edge name="v1-v2">
            <vertex1>v1</vertex1>
            <vertex2>v2</vertex2>
            <directed>true</directed>
        </edge>
        <cached item="X" container="xx"/>
    </query-body>
</graph-query>
