<!DOCTYPE graph-query SYSTEM "graph-query.dtd"> 

<!--
$Id: bad-edges.xml 1944 2005-02-23 22:17:36Z schapira $

Part of the open-source Proximity system
  (see LICENSE for copyright and license information).

-->
<graph-query name="Test Query">
    <description>a test query with three edges with varying correctness of v1
    or v2 references</description>
    <query-body>
        <vertex name="v1">
        </vertex>
        <vertex name="v2">
        </vertex>
        <edge name="v1-v2">
            <vertex1>v1</vertex1>
            <vertex2>v2</vertex2>
            <directed>true</directed>
        </edge>
        <edge name="v1-v2-zero-min">
            <vertex1>v1</vertex1>
            <vertex2>v2</vertex2>
            <directed>true</directed>
            <numeric-annotation>
                <min>0</min>
            </numeric-annotation>
        </edge>
        <edge name="v1-v2bad">
            <vertex1>v1</vertex1>
            <vertex2>v2bad</vertex2>
            <directed>true</directed>
        </edge>
        <edge name="v1bad-v2">
            <vertex1>v1bad</vertex1>
            <vertex2>v2</vertex2>
            <directed>true</directed>
        </edge>
        <edge name="v1bad-v2bad">
            <vertex1>v1bad</vertex1>
            <vertex2>v2bad</vertex2>
            <directed>true</directed>
        </edge>
    </query-body>
</graph-query>
