<!DOCTYPE graph-query SYSTEM "graph-query.dtd"> 

<!--
$Id: no-edge-names-query.xml 2264 2005-10-25 17:17:28Z cornell $

Part of the open-source Proximity system
  (see LICENSE for copyright and license information).

-->
<graph-query name="Test Query">
    <description>a test query with empty names</description>
    <query-body>
        <vertex name="vertex1">
        </vertex>
        <vertex name="vertex2">
        </vertex>
        <edge name="">          <!-- error - empty -->
            <vertex1>vertex1</vertex1>
            <vertex2>vertex2</vertex2>
            <directed>true</directed>
        </edge>
    </query-body>
</graph-query>
