
<!DOCTYPE rpt SYSTEM "rpt.dtd"> 

<!-- Copyright 2001-2002, Knowledge Discovery Laboratory, Computer Science
     Department, University of Massachusetts, Amherst. All rights reserved. 
-->
<rpt name="m">
    <rpt-info>
        <description>RPT model: m, to predict: Paper_is_pub_phys_b, induced from container: 1996-paper-citations-3d-phys-b-d, applied on container:1997-paper-citations-3d-phys-b-d</description>
        <class-label>
            <item>Paper</item>
            <attribute>is_pub_phys_b</attribute>
            <is-object>true</is-object>
            <is-continuous>false</is-continuous>
        </class-label>
        <author-name/>
        <author-email/>
    </rpt-info>
    <rpt-body>
        <node name="root">
            <feature>
                <aggregator>proportion</aggregator>
                <attribute>is_pub_phys_b_by_1996</attribute>
                <operator>xx</operator>
                <item>citedpaper</item>
                <value>1</value>
                <threshold>0.5</threshold>
                <is-object>true</is-object>
            </feature>
            <yes-proportion>0.7486486486486487</yes-proportion>
            <class-label-info name="0">
                <count>240.0</count>
                <probability>0.5</probability>
            </class-label-info>
            <class-label-info name="1">
                <count>240.0</count>
                <probability>0.5</probability>
            </class-label-info>
        </node>
        <edge>
            <node1>root</node1>
            <node2>rootY</node2>
            <label>Y</label>
        </edge>
        <edge>
            <node1>root</node1>
            <node2>rootN</node2>
            <label>N</label>
        </edge>
        <node name="rootY">
            <feature>
                <aggregator>avg</aggregator>
                <attribute>author_avg_is_pub_phys_b_by_1996</attribute>
                <operator>xx</operator>
                <item>author</item>
                <value/>
                <threshold>0.666667</threshold>
                <is-object>true</is-object>
            </feature>
            <yes-proportion>0.5954583766189291</yes-proportion>
            <class-label-info name="0">
                <count>139.15407900000002</count>
                <probability>0.3878609101240762</probability>
            </class-label-info>
            <class-label-info name="1">
                <count>220.197311</count>
                <probability>0.6121390898759238</probability>
            </class-label-info>
        </node>
        <edge>
            <node1>rootY</node1>
            <node2>rootYY</node2>
            <label>Y</label>
        </edge>
        <edge>
            <node1>rootY</node1>
            <node2>rootYN</node2>
            <label>N</label>
        </edge>
        <node name="rootYY">
            <feature>
                <aggregator>avg</aggregator>
                <attribute>num_pages</attribute>
                <operator>xx</operator>
                <item>paper</item>
                <value/>
                <threshold>10.0</threshold>
                <is-object>true</is-object>
            </feature>
            <yes-proportion>0.9515743771179977</yes-proportion>
            <class-label-info name="0">
                <count>47.790693999999995</count>
                <probability>0.2259050524059856</probability>
            </class-label-info>
            <class-label-info name="1">
                <count>166.18806999999998</count>
                <probability>0.7740949475940143</probability>
            </class-label-info>
        </node>
        <edge>
            <node1>rootYY</node1>
            <node2>rootYYY</node2>
            <label>Y</label>
        </edge>
        <edge>
            <node1>rootYY</node1>
            <node2>rootYYN</node2>
            <label>N</label>
        </edge>
        <node name="rootYYY">
            <feature>
                <aggregator>avg</aggregator>
                <attribute>num_pages</attribute>
                <operator>xx</operator>
                <item>paper</item>
                <value/>
                <threshold>22.0</threshold>
                <is-object>true</is-object>
            </feature>
            <yes-proportion>0.5428104130617891</yes-proportion>
            <class-label-info name="0">
                <count>39.118553000000006</count>
                <probability>0.19511329397955976</probability>
            </class-label-info>
            <class-label-info name="1">
                <count>164.498154</count>
                <probability>0.8048867060204402</probability>
            </class-label-info>
        </node>
        <edge>
            <node1>rootYYY</node1>
            <node2>rootYYYY</node2>
            <label>Y</label>
        </edge>
        <edge>
            <node1>rootYYY</node1>
            <node2>rootYYYN</node2>
            <label>N</label>
        </edge>
        <node name="rootYYYY">
            <feature>
                <aggregator>proportion</aggregator>
                <attribute>is_pub_phys_b_by_1996</attribute>
                <operator>xx</operator>
                <item>citedpaper</item>
                <value>1</value>
                <threshold>1.0</threshold>
                <is-object>true</is-object>
            </feature>
            <yes-proportion>0.7586436545734969</yes-proportion>
            <class-label-info name="0">
                <count>12.096904999999998</count>
                <probability>0.11639079144428255</probability>
            </class-label-info>
            <class-label-info name="1">
                <count>98.42836299999998</count>
                <probability>0.8836092085557175</probability>
            </class-label-info>
        </node>
        <edge>
            <node1>rootYYYY</node1>
            <node2>rootYYYYY</node2>
            <label>Y</label>
        </edge>
        <edge>
            <node1>rootYYYY</node1>
            <node2>rootYYYYN</node2>
            <label>N</label>
        </edge>
        <leaf name="rootYYYYY">
            <class-label-info name="0">
                <count>5.689805999999998</count>
                <probability>0.07792499635553209</probability>
            </class-label-info>
            <class-label-info name="1">
                <count>78.15948899999998</count>
                <probability>0.9220750036444678</probability>
            </class-label-info>
        </leaf>
        <leaf name="rootYYYYN">
            <class-label-info name="0">
                <count>6.407099299999999</count>
                <probability>0.25830332670870493</probability>
            </class-label-info>
            <class-label-info name="1">
                <count>20.268873999999997</count>
                <probability>0.7416966732912951</probability>
            </class-label-info>
        </leaf>
        <leaf name="rootYYYN">
            <class-label-info name="0">
                <count>27.021648000000006</count>
                <probability>0.2946810805965404</probability>
            </class-label-info>
            <class-label-info name="1">
                <count>66.069791</count>
                <probability>0.7053189194034596</probability>
            </class-label-info>
        </leaf>
        <leaf name="rootYYN">
            <class-label-info name="0">
                <count>8.6721404</count>
                <probability>0.7824055593087972</probability>
            </class-label-info>
            <class-label-info name="1">
                <count>1.6899144000000001</count>
                <probability>0.21759444069120293</probability>
            </class-label-info>
        </leaf>
        <node name="rootYN">
            <feature>
                <aggregator>avg</aggregator>
                <attribute>num_pages</attribute>
                <operator>xx</operator>
                <item>paper</item>
                <value/>
                <threshold>22.0</threshold>
                <is-object>true</is-object>
            </feature>
            <yes-proportion>0.41223949778529445</yes-proportion>
            <class-label-info name="0">
                <count>91.36338500000001</count>
                <probability>0.6267336581218278</probability>
            </class-label-info>
            <class-label-info name="1">
                <count>54.009241</count>
                <probability>0.3732663418781721</probability>
            </class-label-info>
        </node>
        <edge>
            <node1>rootYN</node1>
            <node2>rootYNY</node2>
            <label>Y</label>
        </edge>
        <edge>
            <node1>rootYN</node1>
            <node2>rootYNN</node2>
            <label>N</label>
        </edge>
        <leaf name="rootYNY">
            <class-label-info name="0">
                <count>29.865526999999997</count>
                <probability>0.4984071508845087</probability>
            </class-label-info>
            <class-label-info name="1">
                <count>30.062811999999987</count>
                <probability>0.5015928491154913</probability>
            </class-label-info>
        </leaf>
        <leaf name="rootYNN">
            <class-label-info name="0">
                <count>61.49785800000002</count>
                <probability>0.714716308453633</probability>
            </class-label-info>
            <class-label-info name="1">
                <count>23.946429</count>
                <probability>0.28528369154636707</probability>
            </class-label-info>
        </leaf>
        <node name="rootN">
            <feature>
                <aggregator>avg</aggregator>
                <attribute>author_avg_is_pub_phys_b_by_1996</attribute>
                <operator>xx</operator>
                <item>author</item>
                <value/>
                <threshold>0.666667</threshold>
                <is-object>true</is-object>
            </feature>
            <yes-proportion>0.16943822086347607</yes-proportion>
            <class-label-info name="0">
                <count>100.84592099999998</count>
                <probability>0.8303878943267274</probability>
            </class-label-info>
            <class-label-info name="1">
                <count>19.80268899999999</count>
                <probability>0.1696121056732726</probability>
            </class-label-info>
        </node>
        <edge>
            <node1>rootN</node1>
            <node2>rootNY</node2>
            <label>Y</label>
        </edge>
        <edge>
            <node1>rootN</node1>
            <node2>rootNN</node2>
            <label>N</label>
        </edge>
        <leaf name="rootNY">
            <class-label-info name="0">
                <count>13.203745500000002</count>
                <probability>0.6328954272619733</probability>
            </class-label-info>
            <class-label-info name="1">
                <count>7.238738499999997</count>
                <probability>0.36710457273802655</probability>
            </class-label-info>
        </leaf>
        <leaf name="rootNN">
            <class-label-info name="0">
                <count>87.64219200000001</count>
                <probability>0.867288257453945</probability>
            </class-label-info>
            <class-label-info name="1">
                <count>12.563955999999996</count>
                <probability>0.13271174254605503</probability>
            </class-label-info>
        </leaf>
    </rpt-body>
</rpt>
