
<!DOCTYPE rpt SYSTEM "rpt.dtd"> 

<!-- Copyright 2001-2004, Knowledge Discovery Laboratory, Computer Science
     Department, University of Massachusetts, Amherst. All rights reserved. 
-->
<rpt name="uav_pred_10">
    <rpt-info>
        <description>RPT model: uav_pred_10, to predict: UAV_heading_4, induced from container: 0, applied on container:&lt;undefined&gt;</description>
        <class-label>
            <item>UAV</item>
            <attribute>heading_4</attribute>
            <is-object>true</is-object>
            <is-continuous>false</is-continuous>
        </class-label>
        <author-name/>
        <author-email/>
    </rpt-info>
    <rpt-body>
        <node name="root">
            <feature>
                <aggregator>count_cont</aggregator>
                <attribute>time_since_last_seen</attribute>
                <operator>&gt;=</operator>
                <item>Target</item>
                <value>5.512</value>
                <threshold>6.0</threshold>
                <is-object>Y</is-object>
            </feature>
            <yes-proportion>0.7492295839753467</yes-proportion>
            <class-label-info name="S">
                <count>1173.0</count>
                <probability>0.22594303310238645</probability>
            </class-label-info>
            <class-label-info name="W">
                <count>1596.0</count>
                <probability>0.3073518090839107</probability>
            </class-label-info>
            <class-label-info name="N">
                <count>1212.0</count>
                <probability>0.23344880677444188</probability>
            </class-label-info>
            <class-label-info name="E">
                <count>1211.0</count>
                <probability>0.23325635103926096</probability>
            </class-label-info>
        </node>
        <edge>
            <node1>root</node1>
            <node2>rootY</node2>
            <label>Y</label>
        </edge>
        <edge>
            <node1>root</node1>
            <node2>rootN</node2>
            <label>N</label>
        </edge>
        <node name="rootY">
            <feature>
                <aggregator>count</aggregator>
                <attribute>centroid_heading_8</attribute>
                <operator>&gt;=</operator>
                <item>UAV</item>
                <value>NE</value>
                <threshold>1.0</threshold>
                <is-object>Y</is-object>
            </feature>
            <yes-proportion>0.11079691516709511</yes-proportion>
            <class-label-info name="S">
                <count>773.0</count>
                <probability>0.1987673343605547</probability>
            </class-label-info>
            <class-label-info name="W">
                <count>1457.0</count>
                <probability>0.37442218798151</probability>
            </class-label-info>
            <class-label-info name="N">
                <count>914.0</count>
                <probability>0.2349768875192604</probability>
            </class-label-info>
            <class-label-info name="E">
                <count>746.0</count>
                <probability>0.19183359013867488</probability>
            </class-label-info>
        </node>
        <edge>
            <node1>rootY</node1>
            <node2>rootYY</node2>
            <label>Y</label>
        </edge>
        <edge>
            <node1>rootY</node1>
            <node2>rootYN</node2>
            <label>N</label>
        </edge>
        <node name="rootYY">
            <feature>
                <aggregator>proportion</aggregator>
                <attribute>target_heading_8</attribute>
                <operator>&gt;=</operator>
                <item>OwnsOrSensed</item>
                <value>NE</value>
                <threshold>0.181818187</threshold>
                <is-object>N</is-object>
            </feature>
            <yes-proportion>0.7169373549883991</yes-proportion>
            <class-label-info name="S">
                <count>38.0</count>
                <probability>0.0896551724137931</probability>
            </class-label-info>
            <class-label-info name="W">
                <count>311.0</count>
                <probability>0.7172413793103448</probability>
            </class-label-info>
            <class-label-info name="N">
                <count>73.0</count>
                <probability>0.17011494252873563</probability>
            </class-label-info>
            <class-label-info name="E">
                <count>9.0</count>
                <probability>0.022988505747126436</probability>
            </class-label-info>
        </node>
        <edge>
            <node1>rootYY</node1>
            <node2>rootYYY</node2>
            <label>Y</label>
        </edge>
        <edge>
            <node1>rootYY</node1>
            <node2>rootYYN</node2>
            <label>N</label>
        </edge>
        <node name="rootYYY">
            <feature>
                <aggregator>proportion_cont</aggregator>
                <attribute>time_since_last_seen</attribute>
                <operator>&gt;=</operator>
                <item>Target</item>
                <value>5.512</value>
                <threshold>0.375</threshold>
                <is-object>Y</is-object>
            </feature>
            <yes-proportion>0.919093851132686</yes-proportion>
            <class-label-info name="S">
                <count>19.0</count>
                <probability>0.06389776357827476</probability>
            </class-label-info>
            <class-label-info name="W">
                <count>275.0</count>
                <probability>0.8817891373801917</probability>
            </class-label-info>
            <class-label-info name="N">
                <count>10.0</count>
                <probability>0.03514376996805112</probability>
            </class-label-info>
            <class-label-info name="E">
                <count>5.0</count>
                <probability>0.019169329073482427</probability>
            </class-label-info>
        </node>
        <edge>
            <node1>rootYYY</node1>
            <node2>rootYYYY</node2>
            <label>Y</label>
        </edge>
        <edge>
            <node1>rootYYY</node1>
            <node2>rootYYYN</node2>
            <label>N</label>
        </edge>
        <node name="rootYYYY">
            <feature>
                <aggregator>proportion</aggregator>
                <attribute>target_heading_4</attribute>
                <operator>&gt;=</operator>
                <item>OwnsOrSensed</item>
                <value>W</value>
                <threshold>0.319999993</threshold>
                <is-object>N</is-object>
            </feature>
            <yes-proportion>0.017605633802816902</yes-proportion>
            <class-label-info name="S">
                <count>0.0</count>
                <probability>0.003472222222222222</probability>
            </class-label-info>
            <class-label-info name="W">
                <count>272.0</count>
                <probability>0.9479166666666666</probability>
            </class-label-info>
            <class-label-info name="N">
                <count>7.0</count>
                <probability>0.027777777777777776</probability>
            </class-label-info>
            <class-label-info name="E">
                <count>5.0</count>
                <probability>0.020833333333333332</probability>
            </class-label-info>
        </node>
        <edge>
            <node1>rootYYYY</node1>
            <node2>rootYYYYY</node2>
            <label>Y</label>
        </edge>
        <edge>
            <node1>rootYYYY</node1>
            <node2>rootYYYYN</node2>
            <label>N</label>
        </edge>
        <leaf name="rootYYYYY">
            <class-label-info name="S">
                <count>0.0</count>
                <probability>0.1111111111111111</probability>
            </class-label-info>
            <class-label-info name="W">
                <count>0.0</count>
                <probability>0.1111111111111111</probability>
            </class-label-info>
            <class-label-info name="N">
                <count>0.0</count>
                <probability>0.1111111111111111</probability>
            </class-label-info>
            <class-label-info name="E">
                <count>5.0</count>
                <probability>0.6666666666666666</probability>
            </class-label-info>
        </leaf>
        <leaf name="rootYYYYN">
            <class-label-info name="S">
                <count>0.0</count>
                <probability>0.0035335689045936395</probability>
            </class-label-info>
            <class-label-info name="W">
                <count>272.0</count>
                <probability>0.9646643109540636</probability>
            </class-label-info>
            <class-label-info name="N">
                <count>7.0</count>
                <probability>0.028268551236749116</probability>
            </class-label-info>
            <class-label-info name="E">
                <count>0.0</count>
                <probability>0.0035335689045936395</probability>
            </class-label-info>
        </leaf>
        <node name="rootYYYN">
            <feature>
                <aggregator>count</aggregator>
                <attribute>target_heading_4</attribute>
                <operator>&gt;=</operator>
                <item>OwnsOrSensed</item>
                <value>N</value>
                <threshold>9.0</threshold>
                <is-object>N</is-object>
            </feature>
            <yes-proportion>0.24</yes-proportion>
            <class-label-info name="S">
                <count>19.0</count>
                <probability>0.6896551724137931</probability>
            </class-label-info>
            <class-label-info name="W">
                <count>3.0</count>
                <probability>0.13793103448275862</probability>
            </class-label-info>
            <class-label-info name="N">
                <count>3.0</count>
                <probability>0.13793103448275862</probability>
            </class-label-info>
            <class-label-info name="E">
                <count>0.0</count>
                <probability>0.034482758620689655</probability>
            </class-label-info>
        </node>
        <edge>
            <node1>rootYYYN</node1>
            <node2>rootYYYNY</node2>
            <label>Y</label>
        </edge>
        <edge>
            <node1>rootYYYN</node1>
            <node2>rootYYYNN</node2>
            <label>N</label>
        </edge>
        <leaf name="rootYYYNY">
            <class-label-info name="S">
                <count>0.0</count>
                <probability>0.1</probability>
            </class-label-info>
            <class-label-info name="W">
                <count>3.0</count>
                <probability>0.4</probability>
            </class-label-info>
            <class-label-info name="N">
                <count>3.0</count>
                <probability>0.4</probability>
            </class-label-info>
            <class-label-info name="E">
                <count>0.0</count>
                <probability>0.1</probability>
            </class-label-info>
        </leaf>
        <leaf name="rootYYYNN">
            <class-label-info name="S">
                <count>19.0</count>
                <probability>0.8695652173913043</probability>
            </class-label-info>
            <class-label-info name="W">
                <count>0.0</count>
                <probability>0.043478260869565216</probability>
            </class-label-info>
            <class-label-info name="N">
                <count>0.0</count>
                <probability>0.043478260869565216</probability>
            </class-label-info>
            <class-label-info name="E">
                <count>0.0</count>
                <probability>0.043478260869565216</probability>
            </class-label-info>
        </leaf>
        <node name="rootYYN">
            <feature>
                <aggregator>proportion_cont</aggregator>
                <attribute>time_since_last_seen</attribute>
                <operator>&gt;=</operator>
                <item>OwnsOrSensed</item>
                <value>9.776</value>
                <threshold>0.529411793</threshold>
                <is-object>N</is-object>
            </feature>
            <yes-proportion>0.860655737704918</yes-proportion>
            <class-label-info name="S">
                <count>19.0</count>
                <probability>0.15873015873015872</probability>
            </class-label-info>
            <class-label-info name="W">
                <count>36.0</count>
                <probability>0.29365079365079366</probability>
            </class-label-info>
            <class-label-info name="N">
                <count>63.0</count>
                <probability>0.5079365079365079</probability>
            </class-label-info>
            <class-label-info name="E">
                <count>4.0</count>
                <probability>0.03968253968253968</probability>
            </class-label-info>
        </node>
        <edge>
            <node1>rootYYN</node1>
            <node2>rootYYNY</node2>
            <label>Y</label>
        </edge>
        <edge>
            <node1>rootYYN</node1>
            <node2>rootYYNN</node2>
            <label>N</label>
        </edge>
        <node name="rootYYNY">
            <feature>
                <aggregator>count_cont</aggregator>
                <attribute>time_since_last_seen</attribute>
                <operator>&gt;=</operator>
                <item>Target</item>
                <value>18.98</value>
                <threshold>15.0</threshold>
                <is-object>Y</is-object>
            </feature>
            <yes-proportion>0.22857142857142856</yes-proportion>
            <class-label-info name="S">
                <count>6.0</count>
                <probability>0.06422018348623854</probability>
            </class-label-info>
            <class-label-info name="W">
                <count>36.0</count>
                <probability>0.3394495412844037</probability>
            </class-label-info>
            <class-label-info name="N">
                <count>63.0</count>
                <probability>0.5871559633027523</probability>
            </class-label-info>
            <class-label-info name="E">
                <count>0.0</count>
                <probability>0.009174311926605505</probability>
            </class-label-info>
        </node>
        <edge>
            <node1>rootYYNY</node1>
            <node2>rootYYNYY</node2>
            <label>Y</label>
        </edge>
        <edge>
            <node1>rootYYNY</node1>
            <node2>rootYYNYN</node2>
            <label>N</label>
        </edge>
        <leaf name="rootYYNYY">
            <class-label-info name="S">
                <count>0.0</count>
                <probability>0.03571428571428571</probability>
            </class-label-info>
            <class-label-info name="W">
                <count>24.0</count>
                <probability>0.8928571428571429</probability>
            </class-label-info>
            <class-label-info name="N">
                <count>0.0</count>
                <probability>0.03571428571428571</probability>
            </class-label-info>
            <class-label-info name="E">
                <count>0.0</count>
                <probability>0.03571428571428571</probability>
            </class-label-info>
        </leaf>
        <leaf name="rootYYNYN">
            <class-label-info name="S">
                <count>6.0</count>
                <probability>0.08235294117647059</probability>
            </class-label-info>
            <class-label-info name="W">
                <count>12.0</count>
                <probability>0.15294117647058825</probability>
            </class-label-info>
            <class-label-info name="N">
                <count>63.0</count>
                <probability>0.7529411764705882</probability>
            </class-label-info>
            <class-label-info name="E">
                <count>0.0</count>
                <probability>0.011764705882352941</probability>
            </class-label-info>
        </leaf>
        <node name="rootYYNN">
            <feature>
                <aggregator>proportion_cont</aggregator>
                <attribute>time_since_last_seen</attribute>
                <operator>&gt;=</operator>
                <item>OwnsOrSensed</item>
                <value>1.664</value>
                <threshold>0.222222224</threshold>
                <is-object>N</is-object>
            </feature>
            <yes-proportion>0.7647058823529411</yes-proportion>
            <class-label-info name="S">
                <count>13.0</count>
                <probability>0.6666666666666666</probability>
            </class-label-info>
            <class-label-info name="W">
                <count>0.0</count>
                <probability>0.047619047619047616</probability>
            </class-label-info>
            <class-label-info name="N">
                <count>0.0</count>
                <probability>0.047619047619047616</probability>
            </class-label-info>
            <class-label-info name="E">
                <count>4.0</count>
                <probability>0.23809523809523808</probability>
            </class-label-info>
        </node>
        <edge>
            <node1>rootYYNN</node1>
            <node2>rootYYNNY</node2>
            <label>Y</label>
        </edge>
        <edge>
            <node1>rootYYNN</node1>
            <node2>rootYYNNN</node2>
            <label>N</label>
        </edge>
        <leaf name="rootYYNNY">
            <class-label-info name="S">
                <count>13.0</count>
                <probability>0.8235294117647058</probability>
            </class-label-info>
            <class-label-info name="W">
                <count>0.0</count>
                <probability>0.058823529411764705</probability>
            </class-label-info>
            <class-label-info name="N">
                <count>0.0</count>
                <probability>0.058823529411764705</probability>
            </class-label-info>
            <class-label-info name="E">
                <count>0.0</count>
                <probability>0.058823529411764705</probability>
            </class-label-info>
        </leaf>
        <leaf name="rootYYNNN">
            <class-label-info name="S">
                <count>0.0</count>
                <probability>0.125</probability>
            </class-label-info>
            <class-label-info name="W">
                <count>0.0</count>
                <probability>0.125</probability>
            </class-label-info>
            <class-label-info name="N">
                <count>0.0</count>
                <probability>0.125</probability>
            </class-label-info>
            <class-label-info name="E">
                <count>4.0</count>
                <probability>0.625</probability>
            </class-label-info>
        </leaf>
        <node name="rootYN">
            <feature>
                <aggregator>proportion_cont</aggregator>
                <attribute>time_since_last_seen</attribute>
                <operator>&gt;=</operator>
                <item>Target</item>
                <value>18.98</value>
                <threshold>0.882352948</threshold>
                <is-object>Y</is-object>
            </feature>
            <yes-proportion>0.34084995663486556</yes-proportion>
            <class-label-info name="S">
                <count>735.0</count>
                <probability>0.21253248628356916</probability>
            </class-label-info>
            <class-label-info name="W">
                <count>1146.0</count>
                <probability>0.3312157089228992</probability>
            </class-label-info>
            <class-label-info name="N">
                <count>841.0</count>
                <probability>0.24314178457984406</probability>
            </class-label-info>
            <class-label-info name="E">
                <count>737.0</count>
                <probability>0.21311002021368755</probability>
            </class-label-info>
        </node>
        <edge>
            <node1>rootYN</node1>
            <node2>rootYNY</node2>
            <label>Y</label>
        </edge>
        <edge>
            <node1>rootYN</node1>
            <node2>rootYNN</node2>
            <label>N</label>
        </edge>
        <node name="rootYNY">
            <feature>
                <aggregator>count</aggregator>
                <attribute>target_heading_4</attribute>
                <operator>&gt;=</operator>
                <item>OwnsOrSensed</item>
                <value>N</value>
                <threshold>6.0</threshold>
                <is-object>N</is-object>
            </feature>
            <yes-proportion>0.544529262086514</yes-proportion>
            <class-label-info name="S">
                <count>432.0</count>
                <probability>0.36601859678782755</probability>
            </class-label-info>
            <class-label-info name="W">
                <count>271.0</count>
                <probability>0.22992392223161454</probability>
            </class-label-info>
            <class-label-info name="N">
                <count>287.0</count>
                <probability>0.24344885883347422</probability>
            </class-label-info>
            <class-label-info name="E">
                <count>189.0</count>
                <probability>0.16060862214708369</probability>
            </class-label-info>
        </node>
        <edge>
            <node1>rootYNY</node1>
            <node2>rootYNYY</node2>
            <label>Y</label>
        </edge>
        <edge>
            <node1>rootYNY</node1>
            <node2>rootYNYN</node2>
            <label>N</label>
        </edge>
        <node name="rootYNYY">
            <feature>
                <aggregator>count</aggregator>
                <attribute>linktype</attribute>
                <operator>&gt;=</operator>
                <item>OwnsOrSensed</item>
                <value>owns</value>
                <threshold>17.0</threshold>
                <is-object>N</is-object>
            </feature>
            <yes-proportion>0.9579439252336449</yes-proportion>
            <class-label-info name="S">
                <count>329.0</count>
                <probability>0.5108359133126935</probability>
            </class-label-info>
            <class-label-info name="W">
                <count>137.0</count>
                <probability>0.21362229102167182</probability>
            </class-label-info>
            <class-label-info name="N">
                <count>50.0</count>
                <probability>0.07894736842105263</probability>
            </class-label-info>
            <class-label-info name="E">
                <count>126.0</count>
                <probability>0.19659442724458204</probability>
            </class-label-info>
        </node>
        <edge>
            <node1>rootYNYY</node1>
            <node2>rootYNYYY</node2>
            <label>Y</label>
        </edge>
        <edge>
            <node1>rootYNYY</node1>
            <node2>rootYNYYN</node2>
            <label>N</label>
        </edge>
        <leaf name="rootYNYYY">
            <class-label-info name="S">
                <count>329.0</count>
                <probability>0.5331179321486268</probability>
            </class-label-info>
            <class-label-info name="W">
                <count>137.0</count>
                <probability>0.22294022617124395</probability>
            </class-label-info>
            <class-label-info name="N">
                <count>23.0</count>
                <probability>0.03877221324717286</probability>
            </class-label-info>
            <class-label-info name="E">
                <count>126.0</count>
                <probability>0.20516962843295639</probability>
            </class-label-info>
        </leaf>
        <leaf name="rootYNYYN">
            <class-label-info name="S">
                <count>0.0</count>
                <probability>0.03225806451612903</probability>
            </class-label-info>
            <class-label-info name="W">
                <count>0.0</count>
                <probability>0.03225806451612903</probability>
            </class-label-info>
            <class-label-info name="N">
                <count>27.0</count>
                <probability>0.9032258064516129</probability>
            </class-label-info>
            <class-label-info name="E">
                <count>0.0</count>
                <probability>0.03225806451612903</probability>
            </class-label-info>
        </leaf>
        <node name="rootYNYN">
            <feature>
                <aggregator>average</aggregator>
                <attribute>distance_to_target</attribute>
                <operator>&gt;=</operator>
                <item>OwnsOrSensed</item>
                <value/>
                <threshold>15.377895916666665</threshold>
                <is-object>N</is-object>
            </feature>
            <yes-proportion>0.6741154562383612</yes-proportion>
            <class-label-info name="S">
                <count>103.0</count>
                <probability>0.1922365988909427</probability>
            </class-label-info>
            <class-label-info name="W">
                <count>134.0</count>
                <probability>0.24953789279112754</probability>
            </class-label-info>
            <class-label-info name="N">
                <count>237.0</count>
                <probability>0.4399260628465804</probability>
            </class-label-info>
            <class-label-info name="E">
                <count>63.0</count>
                <probability>0.11829944547134935</probability>
            </class-label-info>
        </node>
        <edge>
            <node1>rootYNYN</node1>
            <node2>rootYNYNY</node2>
            <label>Y</label>
        </edge>
        <edge>
            <node1>rootYNYN</node1>
            <node2>rootYNYNN</node2>
            <label>N</label>
        </edge>
        <leaf name="rootYNYNY">
            <class-label-info name="S">
                <count>24.0</count>
                <probability>0.06830601092896176</probability>
            </class-label-info>
            <class-label-info name="W">
                <count>128.0</count>
                <probability>0.3524590163934426</probability>
            </class-label-info>
            <class-label-info name="N">
                <count>176.0</count>
                <probability>0.48360655737704916</probability>
            </class-label-info>
            <class-label-info name="E">
                <count>34.0</count>
                <probability>0.09562841530054644</probability>
            </class-label-info>
        </leaf>
        <leaf name="rootYNYNN">
            <class-label-info name="S">
                <count>79.0</count>
                <probability>0.44692737430167595</probability>
            </class-label-info>
            <class-label-info name="W">
                <count>6.0</count>
                <probability>0.03910614525139665</probability>
            </class-label-info>
            <class-label-info name="N">
                <count>61.0</count>
                <probability>0.3463687150837989</probability>
            </class-label-info>
            <class-label-info name="E">
                <count>29.0</count>
                <probability>0.16759776536312848</probability>
            </class-label-info>
        </leaf>
        <node name="rootYNN">
            <feature>
                <aggregator>count_cont</aggregator>
                <attribute>time_since_last_seen</attribute>
                <operator>&gt;=</operator>
                <item>OwnsOrSensed</item>
                <value>9.776</value>
                <threshold>11.0</threshold>
                <is-object>N</is-object>
            </feature>
            <yes-proportion>0.46403508771929824</yes-proportion>
            <class-label-info name="S">
                <count>303.0</count>
                <probability>0.1330998248686515</probability>
            </class-label-info>
            <class-label-info name="W">
                <count>875.0</count>
                <probability>0.38353765323992994</probability>
            </class-label-info>
            <class-label-info name="N">
                <count>554.0</count>
                <probability>0.24299474605954466</probability>
            </class-label-info>
            <class-label-info name="E">
                <count>548.0</count>
                <probability>0.2403677758318739</probability>
            </class-label-info>
        </node>
        <edge>
            <node1>rootYNN</node1>
            <node2>rootYNNY</node2>
            <label>Y</label>
        </edge>
        <edge>
            <node1>rootYNN</node1>
            <node2>rootYNNN</node2>
            <label>N</label>
        </edge>
        <node name="rootYNNY">
            <feature>
                <aggregator>proportion</aggregator>
                <attribute>linktype</attribute>
                <operator>&gt;=</operator>
                <item>OwnsOrSensed</item>
                <value>owns</value>
                <threshold>0.809523821</threshold>
                <is-object>N</is-object>
            </feature>
            <yes-proportion>0.390359168241966</yes-proportion>
            <class-label-info name="S">
                <count>88.0</count>
                <probability>0.08380414312617702</probability>
            </class-label-info>
            <class-label-info name="W">
                <count>528.0</count>
                <probability>0.4981167608286252</probability>
            </class-label-info>
            <class-label-info name="N">
                <count>293.0</count>
                <probability>0.2768361581920904</probability>
            </class-label-info>
            <class-label-info name="E">
                <count>149.0</count>
                <probability>0.14124293785310735</probability>
            </class-label-info>
        </node>
        <edge>
            <node1>rootYNNY</node1>
            <node2>rootYNNYY</node2>
            <label>Y</label>
        </edge>
        <edge>
            <node1>rootYNNY</node1>
            <node2>rootYNNYN</node2>
            <label>N</label>
        </edge>
        <leaf name="rootYNNYY">
            <class-label-info name="S">
                <count>46.0</count>
                <probability>0.11270983213429256</probability>
            </class-label-info>
            <class-label-info name="W">
                <count>124.0</count>
                <probability>0.2997601918465228</probability>
            </class-label-info>
            <class-label-info name="N">
                <count>207.0</count>
                <probability>0.4988009592326139</probability>
            </class-label-info>
            <class-label-info name="E">
                <count>36.0</count>
                <probability>0.08872901678657075</probability>
            </class-label-info>
        </leaf>
        <leaf name="rootYNNYN">
            <class-label-info name="S">
                <count>42.0</count>
                <probability>0.0662557781201849</probability>
            </class-label-info>
            <class-label-info name="W">
                <count>404.0</count>
                <probability>0.6240369799691834</probability>
            </class-label-info>
            <class-label-info name="N">
                <count>86.0</count>
                <probability>0.13405238828967642</probability>
            </class-label-info>
            <class-label-info name="E">
                <count>113.0</count>
                <probability>0.17565485362095531</probability>
            </class-label-info>
        </leaf>
        <node name="rootYNNN">
            <feature>
                <aggregator>degree</aggregator>
                <attribute>_degree_</attribute>
                <operator>&gt;=</operator>
                <item>Target</item>
                <value/>
                <threshold>17.0</threshold>
                <is-object>Y</is-object>
            </feature>
            <yes-proportion>0.12684124386252046</yes-proportion>
            <class-label-info name="S">
                <count>215.0</count>
                <probability>0.1761827079934747</probability>
            </class-label-info>
            <class-label-info name="W">
                <count>347.0</count>
                <probability>0.2838499184339315</probability>
            </class-label-info>
            <class-label-info name="N">
                <count>261.0</count>
                <probability>0.2137030995106036</probability>
            </class-label-info>
            <class-label-info name="E">
                <count>399.0</count>
                <probability>0.3262642740619902</probability>
            </class-label-info>
        </node>
        <edge>
            <node1>rootYNNN</node1>
            <node2>rootYNNNY</node2>
            <label>Y</label>
        </edge>
        <edge>
            <node1>rootYNNN</node1>
            <node2>rootYNNNN</node2>
            <label>N</label>
        </edge>
        <leaf name="rootYNNNY">
            <class-label-info name="S">
                <count>5.0</count>
                <probability>0.03773584905660377</probability>
            </class-label-info>
            <class-label-info name="W">
                <count>6.0</count>
                <probability>0.0440251572327044</probability>
            </class-label-info>
            <class-label-info name="N">
                <count>39.0</count>
                <probability>0.25157232704402516</probability>
            </class-label-info>
            <class-label-info name="E">
                <count>105.0</count>
                <probability>0.6666666666666666</probability>
            </class-label-info>
        </leaf>
        <leaf name="rootYNNNN">
            <class-label-info name="S">
                <count>210.0</count>
                <probability>0.19701213818860877</probability>
            </class-label-info>
            <class-label-info name="W">
                <count>341.0</count>
                <probability>0.31932773109243695</probability>
            </class-label-info>
            <class-label-info name="N">
                <count>222.0</count>
                <probability>0.20821661998132587</probability>
            </class-label-info>
            <class-label-info name="E">
                <count>294.0</count>
                <probability>0.2754435107376284</probability>
            </class-label-info>
        </leaf>
        <node name="rootN">
            <feature>
                <aggregator>count_cont</aggregator>
                <attribute>time_since_last_seen</attribute>
                <operator>&gt;=</operator>
                <item>OwnsOrSensed</item>
                <value>17.784</value>
                <threshold>13.0</threshold>
                <is-object>N</is-object>
            </feature>
            <yes-proportion>0.6505376344086021</yes-proportion>
            <class-label-info name="S">
                <count>400.0</count>
                <probability>0.30704441041347624</probability>
            </class-label-info>
            <class-label-info name="W">
                <count>139.0</count>
                <probability>0.10719754977029096</probability>
            </class-label-info>
            <class-label-info name="N">
                <count>298.0</count>
                <probability>0.22894333843797857</probability>
            </class-label-info>
            <class-label-info name="E">
                <count>465.0</count>
                <probability>0.3568147013782542</probability>
            </class-label-info>
        </node>
        <edge>
            <node1>rootN</node1>
            <node2>rootNY</node2>
            <label>Y</label>
        </edge>
        <edge>
            <node1>rootN</node1>
            <node2>rootNN</node2>
            <label>N</label>
        </edge>
        <node name="rootNY">
            <feature>
                <aggregator>average</aggregator>
                <attribute>time_since_last_seen</attribute>
                <operator>&gt;=</operator>
                <item>OwnsOrSensed</item>
                <value/>
                <threshold>11.596</threshold>
                <is-object>N</is-object>
            </feature>
            <yes-proportion>0.7591499409681228</yes-proportion>
            <class-label-info name="S">
                <count>357.0</count>
                <probability>0.4206815511163337</probability>
            </class-label-info>
            <class-label-info name="W">
                <count>108.0</count>
                <probability>0.12808460634547592</probability>
            </class-label-info>
            <class-label-info name="N">
                <count>132.0</count>
                <probability>0.1562867215041128</probability>
            </class-label-info>
            <class-label-info name="E">
                <count>250.0</count>
                <probability>0.29494712103407755</probability>
            </class-label-info>
        </node>
        <edge>
            <node1>rootNY</node1>
            <node2>rootNYY</node2>
            <label>Y</label>
        </edge>
        <edge>
            <node1>rootNY</node1>
            <node2>rootNYN</node2>
            <label>N</label>
        </edge>
        <node name="rootNYY">
            <feature>
                <aggregator>proportion_cont</aggregator>
                <attribute>time_since_last_seen</attribute>
                <operator>&gt;=</operator>
                <item>Target</item>
                <value>18.98</value>
                <threshold>0.882352948</threshold>
                <is-object>Y</is-object>
            </feature>
            <yes-proportion>0.2115085536547434</yes-proportion>
            <class-label-info name="S">
                <count>338.0</count>
                <probability>0.5239567233384853</probability>
            </class-label-info>
            <class-label-info name="W">
                <count>108.0</count>
                <probability>0.16846986089644514</probability>
            </class-label-info>
            <class-label-info name="N">
                <count>55.0</count>
                <probability>0.0865533230293663</probability>
            </class-label-info>
            <class-label-info name="E">
                <count>142.0</count>
                <probability>0.22102009273570325</probability>
            </class-label-info>
        </node>
        <edge>
            <node1>rootNYY</node1>
            <node2>rootNYYY</node2>
            <label>Y</label>
        </edge>
        <edge>
            <node1>rootNYY</node1>
            <node2>rootNYYN</node2>
            <label>N</label>
        </edge>
        <node name="rootNYYY">
            <feature>
                <aggregator>count_cont</aggregator>
                <attribute>time_since_last_seen</attribute>
                <operator>&gt;=</operator>
                <item>Target</item>
                <value>18.98</value>
                <threshold>16.0</threshold>
                <is-object>Y</is-object>
            </feature>
            <yes-proportion>0.19117647058823528</yes-proportion>
            <class-label-info name="S">
                <count>21.0</count>
                <probability>0.15714285714285714</probability>
            </class-label-info>
            <class-label-info name="W">
                <count>68.0</count>
                <probability>0.4928571428571429</probability>
            </class-label-info>
            <class-label-info name="N">
                <count>23.0</count>
                <probability>0.17142857142857143</probability>
            </class-label-info>
            <class-label-info name="E">
                <count>24.0</count>
                <probability>0.17857142857142858</probability>
            </class-label-info>
        </node>
        <edge>
            <node1>rootNYYY</node1>
            <node2>rootNYYYY</node2>
            <label>Y</label>
        </edge>
        <edge>
            <node1>rootNYYY</node1>
            <node2>rootNYYYN</node2>
            <label>N</label>
        </edge>
        <leaf name="rootNYYYY">
            <class-label-info name="S">
                <count>0.0</count>
                <probability>0.03333333333333333</probability>
            </class-label-info>
            <class-label-info name="W">
                <count>0.0</count>
                <probability>0.03333333333333333</probability>
            </class-label-info>
            <class-label-info name="N">
                <count>2.0</count>
                <probability>0.1</probability>
            </class-label-info>
            <class-label-info name="E">
                <count>24.0</count>
                <probability>0.8333333333333334</probability>
            </class-label-info>
        </leaf>
        <leaf name="rootNYYYN">
            <class-label-info name="S">
                <count>21.0</count>
                <probability>0.19298245614035087</probability>
            </class-label-info>
            <class-label-info name="W">
                <count>68.0</count>
                <probability>0.6052631578947368</probability>
            </class-label-info>
            <class-label-info name="N">
                <count>21.0</count>
                <probability>0.19298245614035087</probability>
            </class-label-info>
            <class-label-info name="E">
                <count>0.0</count>
                <probability>0.008771929824561403</probability>
            </class-label-info>
        </leaf>
        <node name="rootNYYN">
            <feature>
                <aggregator>proportion</aggregator>
                <attribute>target_heading_4</attribute>
                <operator>&gt;=</operator>
                <item>OwnsOrSensed</item>
                <value>S</value>
                <threshold>0.269230783</threshold>
                <is-object>N</is-object>
            </feature>
            <yes-proportion>0.1222879684418146</yes-proportion>
            <class-label-info name="S">
                <count>317.0</count>
                <probability>0.6223091976516634</probability>
            </class-label-info>
            <class-label-info name="W">
                <count>40.0</count>
                <probability>0.08023483365949119</probability>
            </class-label-info>
            <class-label-info name="N">
                <count>32.0</count>
                <probability>0.06457925636007827</probability>
            </class-label-info>
            <class-label-info name="E">
                <count>118.0</count>
                <probability>0.2328767123287671</probability>
            </class-label-info>
        </node>
        <edge>
            <node1>rootNYYN</node1>
            <node2>rootNYYNY</node2>
            <label>Y</label>
        </edge>
        <edge>
            <node1>rootNYYN</node1>
            <node2>rootNYYNN</node2>
            <label>N</label>
        </edge>
        <leaf name="rootNYYNY">
            <class-label-info name="S">
                <count>8.0</count>
                <probability>0.13636363636363635</probability>
            </class-label-info>
            <class-label-info name="W">
                <count>11.0</count>
                <probability>0.18181818181818182</probability>
            </class-label-info>
            <class-label-info name="N">
                <count>21.0</count>
                <probability>0.3333333333333333</probability>
            </class-label-info>
            <class-label-info name="E">
                <count>22.0</count>
                <probability>0.3484848484848485</probability>
            </class-label-info>
        </leaf>
        <leaf name="rootNYYNN">
            <class-label-info name="S">
                <count>309.0</count>
                <probability>0.6904231625835189</probability>
            </class-label-info>
            <class-label-info name="W">
                <count>29.0</count>
                <probability>0.066815144766147</probability>
            </class-label-info>
            <class-label-info name="N">
                <count>11.0</count>
                <probability>0.026726057906458798</probability>
            </class-label-info>
            <class-label-info name="E">
                <count>96.0</count>
                <probability>0.21603563474387527</probability>
            </class-label-info>
        </leaf>
        <node name="rootNYN">
            <feature>
                <aggregator>proportion_cont</aggregator>
                <attribute>distance_to_target</attribute>
                <operator>&gt;=</operator>
                <item>OwnsOrSensed</item>
                <value>6.256971</value>
                <threshold>0.157894731</threshold>
                <is-object>N</is-object>
            </feature>
            <yes-proportion>0.5294117647058824</yes-proportion>
            <class-label-info name="S">
                <count>19.0</count>
                <probability>0.09615384615384616</probability>
            </class-label-info>
            <class-label-info name="W">
                <count>0.0</count>
                <probability>0.004807692307692308</probability>
            </class-label-info>
            <class-label-info name="N">
                <count>77.0</count>
                <probability>0.375</probability>
            </class-label-info>
            <class-label-info name="E">
                <count>108.0</count>
                <probability>0.5240384615384616</probability>
            </class-label-info>
        </node>
        <edge>
            <node1>rootNYN</node1>
            <node2>rootNYNY</node2>
            <label>Y</label>
        </edge>
        <edge>
            <node1>rootNYN</node1>
            <node2>rootNYNN</node2>
            <label>N</label>
        </edge>
        <node name="rootNYNY">
            <feature>
                <aggregator>count</aggregator>
                <attribute>target_heading_8</attribute>
                <operator>&gt;=</operator>
                <item>OwnsOrSensed</item>
                <value>E</value>
                <threshold>3.0</threshold>
                <is-object>N</is-object>
            </feature>
            <yes-proportion>0.4444444444444444</yes-proportion>
            <class-label-info name="S">
                <count>0.0</count>
                <probability>0.008928571428571428</probability>
            </class-label-info>
            <class-label-info name="W">
                <count>0.0</count>
                <probability>0.008928571428571428</probability>
            </class-label-info>
            <class-label-info name="N">
                <count>73.0</count>
                <probability>0.6607142857142857</probability>
            </class-label-info>
            <class-label-info name="E">
                <count>35.0</count>
                <probability>0.32142857142857145</probability>
            </class-label-info>
        </node>
        <edge>
            <node1>rootNYNY</node1>
            <node2>rootNYNYY</node2>
            <label>Y</label>
        </edge>
        <edge>
            <node1>rootNYNY</node1>
            <node2>rootNYNYN</node2>
            <label>N</label>
        </edge>
        <leaf name="rootNYNYY">
            <class-label-info name="S">
                <count>0.0</count>
                <probability>0.019230769230769232</probability>
            </class-label-info>
            <class-label-info name="W">
                <count>0.0</count>
                <probability>0.019230769230769232</probability>
            </class-label-info>
            <class-label-info name="N">
                <count>14.0</count>
                <probability>0.28846153846153844</probability>
            </class-label-info>
            <class-label-info name="E">
                <count>34.0</count>
                <probability>0.6730769230769231</probability>
            </class-label-info>
        </leaf>
        <leaf name="rootNYNYN">
            <class-label-info name="S">
                <count>0.0</count>
                <probability>0.015625</probability>
            </class-label-info>
            <class-label-info name="W">
                <count>0.0</count>
                <probability>0.015625</probability>
            </class-label-info>
            <class-label-info name="N">
                <count>59.0</count>
                <probability>0.9375</probability>
            </class-label-info>
            <class-label-info name="E">
                <count>1.0</count>
                <probability>0.03125</probability>
            </class-label-info>
        </leaf>
        <node name="rootNYNN">
            <feature>
                <aggregator>proportion</aggregator>
                <attribute>target_heading_8</attribute>
                <operator>&gt;=</operator>
                <item>OwnsOrSensed</item>
                <value>E</value>
                <threshold>0.148148149</threshold>
                <is-object>N</is-object>
            </feature>
            <yes-proportion>0.14583333333333334</yes-proportion>
            <class-label-info name="S">
                <count>19.0</count>
                <probability>0.2</probability>
            </class-label-info>
            <class-label-info name="W">
                <count>0.0</count>
                <probability>0.01</probability>
            </class-label-info>
            <class-label-info name="N">
                <count>4.0</count>
                <probability>0.05</probability>
            </class-label-info>
            <class-label-info name="E">
                <count>73.0</count>
                <probability>0.74</probability>
            </class-label-info>
        </node>
        <edge>
            <node1>rootNYNN</node1>
            <node2>rootNYNNY</node2>
            <label>Y</label>
        </edge>
        <edge>
            <node1>rootNYNN</node1>
            <node2>rootNYNNN</node2>
            <label>N</label>
        </edge>
        <leaf name="rootNYNNY">
            <class-label-info name="S">
                <count>12.0</count>
                <probability>0.7222222222222222</probability>
            </class-label-info>
            <class-label-info name="W">
                <count>0.0</count>
                <probability>0.05555555555555555</probability>
            </class-label-info>
            <class-label-info name="N">
                <count>0.0</count>
                <probability>0.05555555555555555</probability>
            </class-label-info>
            <class-label-info name="E">
                <count>2.0</count>
                <probability>0.16666666666666666</probability>
            </class-label-info>
        </leaf>
        <leaf name="rootNYNNN">
            <class-label-info name="S">
                <count>7.0</count>
                <probability>0.09302325581395349</probability>
            </class-label-info>
            <class-label-info name="W">
                <count>0.0</count>
                <probability>0.011627906976744186</probability>
            </class-label-info>
            <class-label-info name="N">
                <count>4.0</count>
                <probability>0.05813953488372093</probability>
            </class-label-info>
            <class-label-info name="E">
                <count>71.0</count>
                <probability>0.8372093023255814</probability>
            </class-label-info>
        </leaf>
        <node name="rootNN">
            <feature>
                <aggregator>count</aggregator>
                <attribute>linktype</attribute>
                <operator>&gt;=</operator>
                <item>OwnsOrSensed</item>
                <value>owns</value>
                <threshold>17.0</threshold>
                <is-object>N</is-object>
            </feature>
            <yes-proportion>0.6901098901098901</yes-proportion>
            <class-label-info name="S">
                <count>43.0</count>
                <probability>0.09586056644880174</probability>
            </class-label-info>
            <class-label-info name="W">
                <count>31.0</count>
                <probability>0.06971677559912855</probability>
            </class-label-info>
            <class-label-info name="N">
                <count>166.0</count>
                <probability>0.3638344226579521</probability>
            </class-label-info>
            <class-label-info name="E">
                <count>215.0</count>
                <probability>0.47058823529411764</probability>
            </class-label-info>
        </node>
        <edge>
            <node1>rootNN</node1>
            <node2>rootNNY</node2>
            <label>Y</label>
        </edge>
        <edge>
            <node1>rootNN</node1>
            <node2>rootNNN</node2>
            <label>N</label>
        </edge>
        <node name="rootNNY">
            <feature>
                <aggregator>proportion_cont</aggregator>
                <attribute>distance_to_target</attribute>
                <operator>&gt;=</operator>
                <item>OwnsOrSensed</item>
                <value>29.860233</value>
                <threshold>0.850000024</threshold>
                <is-object>N</is-object>
            </feature>
            <yes-proportion>0.2770700636942675</yes-proportion>
            <class-label-info name="S">
                <count>0.0</count>
                <probability>0.0031446540880503146</probability>
            </class-label-info>
            <class-label-info name="W">
                <count>27.0</count>
                <probability>0.0880503144654088</probability>
            </class-label-info>
            <class-label-info name="N">
                <count>155.0</count>
                <probability>0.49056603773584906</probability>
            </class-label-info>
            <class-label-info name="E">
                <count>132.0</count>
                <probability>0.41823899371069184</probability>
            </class-label-info>
        </node>
        <edge>
            <node1>rootNNY</node1>
            <node2>rootNNYY</node2>
            <label>Y</label>
        </edge>
        <edge>
            <node1>rootNNY</node1>
            <node2>rootNNYN</node2>
            <label>N</label>
        </edge>
        <node name="rootNNYY">
            <feature>
                <aggregator>count</aggregator>
                <attribute>target_heading_8</attribute>
                <operator>&gt;=</operator>
                <item>OwnsOrSensed</item>
                <value>E</value>
                <threshold>2.0</threshold>
                <is-object>N</is-object>
            </feature>
            <yes-proportion>0.8275862068965517</yes-proportion>
            <class-label-info name="S">
                <count>0.0</count>
                <probability>0.01098901098901099</probability>
            </class-label-info>
            <class-label-info name="W">
                <count>27.0</count>
                <probability>0.3076923076923077</probability>
            </class-label-info>
            <class-label-info name="N">
                <count>15.0</count>
                <probability>0.17582417582417584</probability>
            </class-label-info>
            <class-label-info name="E">
                <count>45.0</count>
                <probability>0.5054945054945055</probability>
            </class-label-info>
        </node>
        <edge>
            <node1>rootNNYY</node1>
            <node2>rootNNYYY</node2>
            <label>Y</label>
        </edge>
        <edge>
            <node1>rootNNYY</node1>
            <node2>rootNNYYN</node2>
            <label>N</label>
        </edge>
        <leaf name="rootNNYYY">
            <class-label-info name="S">
                <count>0.0</count>
                <probability>0.013157894736842105</probability>
            </class-label-info>
            <class-label-info name="W">
                <count>27.0</count>
                <probability>0.3684210526315789</probability>
            </class-label-info>
            <class-label-info name="N">
                <count>0.0</count>
                <probability>0.013157894736842105</probability>
            </class-label-info>
            <class-label-info name="E">
                <count>45.0</count>
                <probability>0.6052631578947368</probability>
            </class-label-info>
        </leaf>
        <leaf name="rootNNYYN">
            <class-label-info name="S">
                <count>0.0</count>
                <probability>0.05263157894736842</probability>
            </class-label-info>
            <class-label-info name="W">
                <count>0.0</count>
                <probability>0.05263157894736842</probability>
            </class-label-info>
            <class-label-info name="N">
                <count>15.0</count>
                <probability>0.8421052631578947</probability>
            </class-label-info>
            <class-label-info name="E">
                <count>0.0</count>
                <probability>0.05263157894736842</probability>
            </class-label-info>
        </leaf>
        <node name="rootNNYN">
            <feature>
                <aggregator>count</aggregator>
                <attribute>target_heading_8</attribute>
                <operator>&gt;=</operator>
                <item>OwnsOrSensed</item>
                <value>N</value>
                <threshold>1.0</threshold>
                <is-object>N</is-object>
            </feature>
            <yes-proportion>0.7841409691629956</yes-proportion>
            <class-label-info name="S">
                <count>0.0</count>
                <probability>0.004329004329004329</probability>
            </class-label-info>
            <class-label-info name="W">
                <count>0.0</count>
                <probability>0.004329004329004329</probability>
            </class-label-info>
            <class-label-info name="N">
                <count>140.0</count>
                <probability>0.6103896103896104</probability>
            </class-label-info>
            <class-label-info name="E">
                <count>87.0</count>
                <probability>0.38095238095238093</probability>
            </class-label-info>
        </node>
        <edge>
            <node1>rootNNYN</node1>
            <node2>rootNNYNY</node2>
            <label>Y</label>
        </edge>
        <edge>
            <node1>rootNNYN</node1>
            <node2>rootNNYNN</node2>
            <label>N</label>
        </edge>
        <leaf name="rootNNYNY">
            <class-label-info name="S">
                <count>0.0</count>
                <probability>0.005494505494505495</probability>
            </class-label-info>
            <class-label-info name="W">
                <count>0.0</count>
                <probability>0.005494505494505495</probability>
            </class-label-info>
            <class-label-info name="N">
                <count>91.0</count>
                <probability>0.5054945054945055</probability>
            </class-label-info>
            <class-label-info name="E">
                <count>87.0</count>
                <probability>0.4835164835164835</probability>
            </class-label-info>
        </leaf>
        <leaf name="rootNNYNN">
            <class-label-info name="S">
                <count>0.0</count>
                <probability>0.018867924528301886</probability>
            </class-label-info>
            <class-label-info name="W">
                <count>0.0</count>
                <probability>0.018867924528301886</probability>
            </class-label-info>
            <class-label-info name="N">
                <count>49.0</count>
                <probability>0.9433962264150944</probability>
            </class-label-info>
            <class-label-info name="E">
                <count>0.0</count>
                <probability>0.018867924528301886</probability>
            </class-label-info>
        </leaf>
        <node name="rootNNN">
            <feature>
                <aggregator>proportion</aggregator>
                <attribute>linktype</attribute>
                <operator>&gt;=</operator>
                <item>OwnsOrSensed</item>
                <value>owns</value>
                <threshold>0.761904776</threshold>
                <is-object>N</is-object>
            </feature>
            <yes-proportion>0.6808510638297872</yes-proportion>
            <class-label-info name="S">
                <count>43.0</count>
                <probability>0.30344827586206896</probability>
            </class-label-info>
            <class-label-info name="W">
                <count>4.0</count>
                <probability>0.034482758620689655</probability>
            </class-label-info>
            <class-label-info name="N">
                <count>11.0</count>
                <probability>0.08275862068965517</probability>
            </class-label-info>
            <class-label-info name="E">
                <count>83.0</count>
                <probability>0.5793103448275863</probability>
            </class-label-info>
        </node>
        <edge>
            <node1>rootNNN</node1>
            <node2>rootNNNY</node2>
            <label>Y</label>
        </edge>
        <edge>
            <node1>rootNNN</node1>
            <node2>rootNNNN</node2>
            <label>N</label>
        </edge>
        <node name="rootNNNY">
            <feature>
                <aggregator>proportion_cont</aggregator>
                <attribute>time_since_last_seen</attribute>
                <operator>&gt;=</operator>
                <item>Target</item>
                <value>9.828</value>
                <threshold>0.647058845</threshold>
                <is-object>Y</is-object>
            </feature>
            <yes-proportion>0.041666666666666664</yes-proportion>
            <class-label-info name="S">
                <count>9.0</count>
                <probability>0.1</probability>
            </class-label-info>
            <class-label-info name="W">
                <count>4.0</count>
                <probability>0.05</probability>
            </class-label-info>
            <class-label-info name="N">
                <count>0.0</count>
                <probability>0.01</probability>
            </class-label-info>
            <class-label-info name="E">
                <count>83.0</count>
                <probability>0.84</probability>
            </class-label-info>
        </node>
        <edge>
            <node1>rootNNNY</node1>
            <node2>rootNNNYY</node2>
            <label>Y</label>
        </edge>
        <edge>
            <node1>rootNNNY</node1>
            <node2>rootNNNYN</node2>
            <label>N</label>
        </edge>
        <leaf name="rootNNNYY">
            <class-label-info name="S">
                <count>0.0</count>
                <probability>0.125</probability>
            </class-label-info>
            <class-label-info name="W">
                <count>4.0</count>
                <probability>0.625</probability>
            </class-label-info>
            <class-label-info name="N">
                <count>0.0</count>
                <probability>0.125</probability>
            </class-label-info>
            <class-label-info name="E">
                <count>0.0</count>
                <probability>0.125</probability>
            </class-label-info>
        </leaf>
        <leaf name="rootNNNYN">
            <class-label-info name="S">
                <count>9.0</count>
                <probability>0.10416666666666667</probability>
            </class-label-info>
            <class-label-info name="W">
                <count>0.0</count>
                <probability>0.010416666666666666</probability>
            </class-label-info>
            <class-label-info name="N">
                <count>0.0</count>
                <probability>0.010416666666666666</probability>
            </class-label-info>
            <class-label-info name="E">
                <count>83.0</count>
                <probability>0.875</probability>
            </class-label-info>
        </leaf>
        <node name="rootNNNN">
            <feature>
                <aggregator>proportion_cont</aggregator>
                <attribute>time_since_last_seen</attribute>
                <operator>&gt;=</operator>
                <item>OwnsOrSensed</item>
                <value>17.784</value>
                <threshold>0.722222209</threshold>
                <is-object>N</is-object>
            </feature>
            <yes-proportion>0.24444444444444444</yes-proportion>
            <class-label-info name="S">
                <count>34.0</count>
                <probability>0.7142857142857143</probability>
            </class-label-info>
            <class-label-info name="W">
                <count>0.0</count>
                <probability>0.02040816326530612</probability>
            </class-label-info>
            <class-label-info name="N">
                <count>11.0</count>
                <probability>0.24489795918367346</probability>
            </class-label-info>
            <class-label-info name="E">
                <count>0.0</count>
                <probability>0.02040816326530612</probability>
            </class-label-info>
        </node>
        <edge>
            <node1>rootNNNN</node1>
            <node2>rootNNNNY</node2>
            <label>Y</label>
        </edge>
        <edge>
            <node1>rootNNNN</node1>
            <node2>rootNNNNN</node2>
            <label>N</label>
        </edge>
        <leaf name="rootNNNNY">
            <class-label-info name="S">
                <count>0.0</count>
                <probability>0.06666666666666667</probability>
            </class-label-info>
            <class-label-info name="W">
                <count>0.0</count>
                <probability>0.06666666666666667</probability>
            </class-label-info>
            <class-label-info name="N">
                <count>11.0</count>
                <probability>0.8</probability>
            </class-label-info>
            <class-label-info name="E">
                <count>0.0</count>
                <probability>0.06666666666666667</probability>
            </class-label-info>
        </leaf>
        <leaf name="rootNNNNN">
            <class-label-info name="S">
                <count>34.0</count>
                <probability>0.9210526315789473</probability>
            </class-label-info>
            <class-label-info name="W">
                <count>0.0</count>
                <probability>0.02631578947368421</probability>
            </class-label-info>
            <class-label-info name="N">
                <count>0.0</count>
                <probability>0.02631578947368421</probability>
            </class-label-info>
            <class-label-info name="E">
                <count>0.0</count>
                <probability>0.02631578947368421</probability>
            </class-label-info>
        </leaf>
    </rpt-body>
</rpt>