
<!DOCTYPE rpt SYSTEM "rpt.dtd"> 

<!-- Copyright 2001-2002, Knowledge Discovery Laboratory, Computer Science
     Department, University of Massachusetts, Amherst. All rights reserved. 
-->
<rpt name="1d">
    <rpt-info>
        <description>RPT model: 1d, to predict: CoreTask_has_complete, induced from container: 0, applied on container:0</description>
        <class-label>
            <item>CoreTask</item>
            <attribute>has_complete</attribute>
            <is-object>true</is-object>
            <is-continuous>false</is-continuous>
        </class-label>
        <author-name/>
        <author-email/>
    </rpt-info>
    <rpt-body>
        <node name="root">
            <feature>
                <aggregator>count_cont</aggregator>
                <attribute>time</attribute>
                <operator>&gt;</operator>
                <item>Announces</item>
                <value>499984.0</value>
                <threshold>7.0</threshold>
                <is-object>N</is-object>
            </feature>
            <yes-proportion>0.20633245382585752</yes-proportion>
            <class-label-info name="0">
                <count>506.0</count>
                <probability>0.08559851426641904</probability>
            </class-label-info>
            <class-label-info name="1">
                <count>5415.0</count>
                <probability>0.9144014857335809</probability>
            </class-label-info>
        </node>
        <edge>
            <node1>root</node1>
            <node2>rootY</node2>
            <label>Y</label>
        </edge>
        <edge>
            <node1>root</node1>
            <node2>rootN</node2>
            <label>N</label>
        </edge>
        <node name="rootY">
            <feature>
                <aggregator>proportion_cont</aggregator>
                <attribute>time</attribute>
                <operator>&gt;</operator>
                <item>Announces</item>
                <value>399509.0</value>
                <threshold>1.0</threshold>
                <is-object>N</is-object>
            </feature>
            <yes-proportion>0.7229326513213982</yes-proportion>
            <class-label-info name="0">
                <count>404.95197904109955</count>
                <probability>0.3317429244974572</probability>
            </class-label-info>
            <class-label-info name="1">
                <count>816.7424815297127</count>
                <probability>0.6682570755025429</probability>
            </class-label-info>
        </node>
        <edge>
            <node1>rootY</node1>
            <node2>rootYY</node2>
            <label>Y</label>
        </edge>
        <edge>
            <node1>rootY</node1>
            <node2>rootYN</node2>
            <label>N</label>
        </edge>
        <node name="rootYY">
            <feature>
                <aggregator>degree</aggregator>
                <attribute>degree</attribute>
                <operator>&gt;</operator>
                <item>BidsOn</item>
                <value></value>
                <threshold>2.0</threshold>
                <is-object>N</is-object>
            </feature>
            <yes-proportion>0.14639170296188797</yes-proportion>
            <class-label-info name="0">
                <count>201.57994726525226</count>
                <probability>0.22885144950284605</probability>
            </class-label-info>
            <class-label-info name="1">
                <count>681.6228675097223</count>
                <probability>0.7711485504971539</probability>
            </class-label-info>
        </node>
        <edge>
            <node1>rootYY</node1>
            <node2>rootYYY</node2>
            <label>Y</label>
        </edge>
        <edge>
            <node1>rootYY</node1>
            <node2>rootYYN</node2>
            <label>N</label>
        </edge>
        <node name="rootYYY">
            <feature>
                <aggregator>proportion_cont</aggregator>
                <attribute>time</attribute>
                <operator>&gt;</operator>
                <item>Announces</item>
                <value>109357.0</value>
                <threshold>1.0</threshold>
                <is-object>N</is-object>
            </feature>
            <yes-proportion>0.3734919824851438</yes-proportion>
            <class-label-info name="0">
                <count>15.602420164708732</count>
                <probability>0.12645265780289475</probability>
            </class-label-info>
            <class-label-info name="1">
                <count>113.69114418715633</count>
                <probability>0.8735473421971053</probability>
            </class-label-info>
        </node>
        <edge>
            <node1>rootYYY</node1>
            <node2>rootYYYY</node2>
            <label>Y</label>
        </edge>
        <edge>
            <node1>rootYYY</node1>
            <node2>rootYYYN</node2>
            <label>N</label>
        </edge>
        <leaf name="rootYYYY">
            <class-label-info name="0">
                <count>2.5380049246278524</count>
                <probability>0.07035190321266972</probability>
            </class-label-info>
            <class-label-info name="1">
                <count>45.75210469660967</count>
                <probability>0.9296480967873303</probability>
            </class-label-info>
        </leaf>
        <leaf name="rootYYYN">
            <class-label-info name="0">
                <count>13.064415224462238</count>
                <probability>0.16944373335352964</probability>
            </class-label-info>
            <class-label-info name="1">
                <count>67.93903935073918</count>
                <probability>0.8305562666464704</probability>
            </class-label-info>
        </leaf>
        <node name="rootYYN">
            <feature>
                <aggregator>proportion_cont</aggregator>
                <attribute>time</attribute>
                <operator>&gt;</operator>
                <item>Announces</item>
                <value>109357.0</value>
                <threshold>1.0</threshold>
                <is-object>N</is-object>
            </feature>
            <yes-proportion>0.43189443276427014</yes-proportion>
            <class-label-info name="0">
                <count>185.97752868870862</count>
                <probability>0.24735446493987448</probability>
            </class-label-info>
            <class-label-info name="1">
                <count>567.9317237848946</count>
                <probability>0.7526455350601255</probability>
            </class-label-info>
        </node>
        <edge>
            <node1>rootYYN</node1>
            <node2>rootYYNY</node2>
            <label>Y</label>
        </edge>
        <edge>
            <node1>rootYYN</node1>
            <node2>rootYYNN</node2>
            <label>N</label>
        </edge>
        <leaf name="rootYYNY">
            <class-label-info name="0">
                <count>48.97754735119531</count>
                <probability>0.15255232770202276</probability>
            </class-label-info>
            <class-label-info name="1">
                <count>276.6316612661612</count>
                <probability>0.8474476722979772</probability>
            </class-label-info>
        </leaf>
        <leaf name="rootYYNN">
            <class-label-info name="0">
                <count>136.99998133751365</count>
                <probability>0.3207064077911553</probability>
            </class-label-info>
            <class-label-info name="1">
                <count>291.3000625187336</count>
                <probability>0.6792935922088447</probability>
            </class-label-info>
        </leaf>
        <node name="rootYN">
            <feature>
                <aggregator>degree</aggregator>
                <attribute>degree</attribute>
                <operator>&gt;</operator>
                <item>BidsOn</item>
                <value></value>
                <threshold>2.0</threshold>
                <is-object>N</is-object>
            </feature>
            <yes-proportion>0.10733704177769575</yes-proportion>
            <class-label-info name="0">
                <count>203.3720317758473</count>
                <probability>0.600226273681896</probability>
            </class-label-info>
            <class-label-info name="1">
                <count>135.11961401998315</count>
                <probability>0.3997737263181041</probability>
            </class-label-info>
        </node>
        <edge>
            <node1>rootYN</node1>
            <node2>rootYNY</node2>
            <label>Y</label>
        </edge>
        <edge>
            <node1>rootYN</node1>
            <node2>rootYNN</node2>
            <label>N</label>
        </edge>
        <node name="rootYNY">
            <feature>
                <aggregator>count_cont</aggregator>
                <attribute>time</attribute>
                <operator>&gt;</operator>
                <item>Announces</item>
                <value>399509.0</value>
                <threshold>4.0</threshold>
                <is-object>N</is-object>
            </feature>
            <yes-proportion>0.16938917786766322</yes-proportion>
            <class-label-info name="0">
                <count>16.99918553551896</count>
                <probability>0.469551825300855</probability>
            </class-label-info>
            <class-label-info name="1">
                <count>19.333506545885218</count>
                <probability>0.5304481746991451</probability>
            </class-label-info>
        </node>
        <edge>
            <node1>rootYNY</node1>
            <node2>rootYNYY</node2>
            <label>Y</label>
        </edge>
        <edge>
            <node1>rootYNY</node1>
            <node2>rootYNYN</node2>
            <label>N</label>
        </edge>
        <leaf name="rootYNYY">
            <class-label-info name="0">
                <count>5.928483263239727</count>
                <probability>0.8496655967254839</probability>
            </class-label-info>
            <class-label-info name="1">
                <count>0.22588157151564786</count>
                <probability>0.1503344032745162</probability>
            </class-label-info>
        </leaf>
        <leaf name="rootYNYN">
            <class-label-info name="0">
                <count>11.070702270084766</count>
                <probability>0.3751190105638274</probability>
            </class-label-info>
            <class-label-info name="1">
                <count>19.107624954498554</count>
                <probability>0.6248809894361725</probability>
            </class-label-info>
        </leaf>
        <node name="rootYNN">
            <feature>
                <aggregator>proportion_cont</aggregator>
                <attribute>time</attribute>
                <operator>&gt;</operator>
                <item>Announces</item>
                <value>109357.0</value>
                <threshold>0.0347635448</threshold>
                <is-object>N</is-object>
            </feature>
            <yes-proportion>0.03839868064637967</yes-proportion>
            <class-label-info name="0">
                <count>186.37284388040098</count>
                <probability>0.6160359350107432</probability>
            </class-label-info>
            <class-label-info name="1">
                <count>115.78610729690875</count>
                <probability>0.38396406498925684</probability>
            </class-label-info>
        </node>
        <edge>
            <node1>rootYNN</node1>
            <node2>rootYNNY</node2>
            <label>Y</label>
        </edge>
        <edge>
            <node1>rootYNN</node1>
            <node2>rootYNNN</node2>
            <label>N</label>
        </edge>
        <leaf name="rootYNNY">
            <class-label-info name="0">
                <count>11.188332779598099</count>
                <probability>0.8960358941417551</probability>
            </class-label-info>
            <class-label-info name="1">
                <count>0.4141722754838518</count>
                <probability>0.10396410585824495</probability>
            </class-label-info>
        </leaf>
        <leaf name="rootYNNN">
            <class-label-info name="0">
                <count>175.18451109624039</count>
                <probability>0.6022239928686408</probability>
            </class-label-info>
            <class-label-info name="1">
                <count>115.37193498124154</count>
                <probability>0.39777600713135913</probability>
            </class-label-info>
        </leaf>
        <node name="rootN">
            <feature>
                <aggregator>count_cont</aggregator>
                <attribute>time</attribute>
                <operator>&gt;</operator>
                <item>BidsOn</item>
                <value>83082.0</value>
                <threshold>2.0</threshold>
                <is-object>N</is-object>
            </feature>
            <yes-proportion>0.04771946953668978</yes-proportion>
            <class-label-info name="0">
                <count>101.04802131652832</count>
                <probability>0.021706315487119886</probability>
            </class-label-info>
            <class-label-info name="1">
                <count>4598.2575216293335</count>
                <probability>0.9782936845128801</probability>
            </class-label-info>
        </node>
        <edge>
            <node1>rootN</node1>
            <node2>rootNY</node2>
            <label>Y</label>
        </edge>
        <edge>
            <node1>rootN</node1>
            <node2>rootNN</node2>
            <label>N</label>
        </edge>
        <node name="rootNY">
            <feature>
                <aggregator>count_cont</aggregator>
                <attribute>time</attribute>
                <operator>&gt;</operator>
                <item>Announces</item>
                <value>109357.0</value>
                <threshold>2.0</threshold>
                <is-object>N</is-object>
            </feature>
            <yes-proportion>0.11668115881523444</yes-proportion>
            <class-label-info name="0">
                <count>18.290717273057055</count>
                <probability>0.08526345379540204</probability>
            </class-label-info>
            <class-label-info name="1">
                <count>205.95765074810015</count>
                <probability>0.914736546204598</probability>
            </class-label-info>
        </node>
        <edge>
            <node1>rootNY</node1>
            <node2>rootNYY</node2>
            <label>Y</label>
        </edge>
        <edge>
            <node1>rootNY</node1>
            <node2>rootNYN</node2>
            <label>N</label>
        </edge>
        <node name="rootNYY">
            <feature>
                <aggregator>proportion_cont</aggregator>
                <attribute>time</attribute>
                <operator>&gt;</operator>
                <item>BidsOn</item>
                <value>191406.0</value>
                <threshold>0.0</threshold>
                <is-object>N</is-object>
            </feature>
            <yes-proportion>1.0</yes-proportion>
            <class-label-info name="0">
                <count>0.10605868133454212</count>
                <probability>0.03926989924237963</probability>
            </class-label-info>
            <class-label-info name="1">
                <count>26.059500759187173</count>
                <probability>0.9607301007576204</probability>
            </class-label-info>
        </node>
        <edge>
            <node1>rootNYY</node1>
            <node2>rootNYYY</node2>
            <label>Y</label>
        </edge>
        <edge>
            <node1>rootNYY</node1>
            <node2>rootNYYN</node2>
            <label>N</label>
        </edge>
        <leaf name="rootNYYY">
            <class-label-info name="0">
                <count>0.10605868133454212</count>
                <probability>0.03926989924237963</probability>
            </class-label-info>
            <class-label-info name="1">
                <count>26.059500759187173</count>
                <probability>0.9607301007576204</probability>
            </class-label-info>
        </leaf>
        <leaf name="rootNYYN">
            <class-label-info name="0">
                <count>0.0</count>
                <probability>0.5</probability>
            </class-label-info>
            <class-label-info name="1">
                <count>0.0</count>
                <probability>0.5</probability>
            </class-label-info>
        </leaf>
        <node name="rootNYN">
            <feature>
                <aggregator>proportion_cont</aggregator>
                <attribute>time</attribute>
                <operator>&gt;</operator>
                <item>Announces</item>
                <value>109357.0</value>
                <threshold>1.0</threshold>
                <is-object>N</is-object>
            </feature>
            <yes-proportion>0.9969801044854</yes-proportion>
            <class-label-info name="0">
                <count>18.184658591722553</count>
                <probability>0.09588359303738589</probability>
            </class-label-info>
            <class-label-info name="1">
                <count>179.89814998891</count>
                <probability>0.9041164069626141</probability>
            </class-label-info>
        </node>
        <edge>
            <node1>rootNYN</node1>
            <node2>rootNYNY</node2>
            <label>Y</label>
        </edge>
        <edge>
            <node1>rootNYN</node1>
            <node2>rootNYNN</node2>
            <label>N</label>
        </edge>
        <leaf name="rootNYNY">
            <class-label-info name="0">
                <count>17.80047816086318</count>
                <probability>0.09424525166802168</probability>
            </class-label-info>
            <class-label-info name="1">
                <count>179.6841412562269</count>
                <probability>0.9057547483319783</probability>
            </class-label-info>
        </leaf>
        <leaf name="rootNYNN">
            <class-label-info name="0">
                <count>0.38418045179667626</count>
                <probability>0.5327480976571324</probability>
            </class-label-info>
            <class-label-info name="1">
                <count>0.2140089324242902</count>
                <probability>0.4672519023428675</probability>
            </class-label-info>
        </leaf>
        <node name="rootNN">
            <feature>
                <aggregator>count_cont</aggregator>
                <attribute>time</attribute>
                <operator>&gt;</operator>
                <item>Announces</item>
                <value>399509.0</value>
                <threshold>1.0</threshold>
                <is-object>N</is-object>
            </feature>
            <yes-proportion>0.8045853993096872</yes-proportion>
            <class-label-info name="0">
                <count>82.75730384194776</count>
                <probability>0.018708115754847973</probability>
            </class-label-info>
            <class-label-info name="1">
                <count>4392.2998696065915</count>
                <probability>0.981291884245152</probability>
            </class-label-info>
        </node>
        <edge>
            <node1>rootNN</node1>
            <node2>rootNNY</node2>
            <label>Y</label>
        </edge>
        <edge>
            <node1>rootNN</node1>
            <node2>rootNNN</node2>
            <label>N</label>
        </edge>
        <node name="rootNNY">
            <feature>
                <aggregator>average</aggregator>
                <attribute>time</attribute>
                <operator>&gt;</operator>
                <item>BidsOn</item>
                <value></value>
                <threshold>68165.5</threshold>
                <is-object>N</is-object>
            </feature>
            <yes-proportion>0.8278717742766684</yes-proportion>
            <class-label-info name="0">
                <count>48.355825137822364</count>
                <probability>0.013700187522479151</probability>
            </class-label-info>
            <class-label-info name="1">
                <count>3552.2098373277277</count>
                <probability>0.9862998124775209</probability>
            </class-label-info>
        </node>
        <edge>
            <node1>rootNNY</node1>
            <node2>rootNNYY</node2>
            <label>Y</label>
        </edge>
        <edge>
            <node1>rootNNY</node1>
            <node2>rootNNYN</node2>
            <label>N</label>
        </edge>
        <leaf name="rootNNYY">
            <class-label-info name="0">
                <count>34.024141787056294</count>
                <probability>0.011742008604809133</probability>
            </class-label-info>
            <class-label-info name="1">
                <count>2946.782545367949</count>
                <probability>0.9882579913951909</probability>
            </class-label-info>
        </leaf>
        <leaf name="rootNNYN">
            <class-label-info name="0">
                <count>14.331683927614748</count>
                <probability>0.024658564534565244</probability>
            </class-label-info>
            <class-label-info name="1">
                <count>605.4272958428214</count>
                <probability>0.9753414354654347</probability>
            </class-label-info>
        </leaf>
        <node name="rootNNN">
            <feature>
                <aggregator>average</aggregator>
                <attribute>time</attribute>
                <operator>&gt;</operator>
                <item>Announces</item>
                <value></value>
                <threshold>499984.0</threshold>
                <is-object>N</is-object>
            </feature>
            <yes-proportion>0.002324803825624924</yes-proportion>
            <class-label-info name="0">
                <count>34.40147870412537</count>
                <probability>0.04038998468384868</probability>
            </class-label-info>
            <class-label-info name="1">
                <count>840.0900322788402</count>
                <probability>0.9596100153161513</probability>
            </class-label-info>
        </node>
        <edge>
            <node1>rootNNN</node1>
            <node2>rootNNNY</node2>
            <label>Y</label>
        </edge>
        <edge>
            <node1>rootNNN</node1>
            <node2>rootNNNN</node2>
            <label>N</label>
        </edge>
        <leaf name="rootNNNY">
            <class-label-info name="0">
                <count>1.960521107045544</count>
                <probability>0.7340703048943131</probability>
            </class-label-info>
            <class-label-info name="1">
                <count>0.07250009992424572</count>
                <probability>0.265929695105687</probability>
            </class-label-info>
        </leaf>
        <leaf name="rootNNNN">
            <class-label-info name="0">
                <count>32.440957540959346</count>
                <probability>0.03824190393594734</probability>
            </class-label-info>
            <class-label-info name="1">
                <count>840.0175316851717</count>
                <probability>0.9617580960640527</probability>
            </class-label-info>
        </leaf>
    </rpt-body>
</rpt>