<!DOCTYPE rpt2 SYSTEM "rpt2.dtd">
<!-- Created by Proximity 4.2 -->

<rpt2>
    <class-label>
        <source>
            <source-class>kdl.prox.model2.common.sources.AttributeSource</source-class>
            <data-type>str</data-type>
            <is-continuous>false</is-continuous>
            <is-single-value>false</is-single-value>
            <source-elements>
                <item-name>actor</item-name>
                <attr-name>hasAward</attr-name>
            </source-elements>
        </source>
    </class-label>
    <rpt-body>
        <node>
            <class-label-distr>
                <distr-class>kdl.prox.model2.common.probdistributions.DiscreteProbDistribution</distr-class>
                <class-label-info class="0" count="257.69"/>
                <class-label-info class="1" count="421.03"/>
            </class-label-distr>
            <split>
                <feature-setting>
                    <fs-class>kdl.prox.model2.rpt.featuresettings.ValueFilteredFeatureSetting</fs-class>
                    <source>
                        <source-class>kdl.prox.model2.common.sources.AttributeSource</source-class>
                        <data-type>int</data-type>
                        <is-continuous>false</is-continuous>
                        <is-single-value>false</is-single-value>
                        <source-elements>
                            <item-name>movie_actor</item-name>
                            <attr-name>hasAward</attr-name>
                        </source-elements>
                    </source>
                    <aggregator>
                        <aggregator-class>kdl.prox.model2.rpt.aggregators.ModeAggregator</aggregator-class>
                    </aggregator>
                    <threshold>0.5</threshold>
                    <fs-elements>
                        <value>1</value>
                    </fs-elements>
                </feature-setting>
            </split>
            <yes-branch>
                <node>
                    <class-label-distr>
                        <distr-class>kdl.prox.model2.common.probdistributions.DiscreteProbDistribution</distr-class>
                        <class-label-info class="0" count="124"/>
                        <class-label-info class="1" count="0.9"/>
                    </class-label-distr>
                </node>
            </yes-branch>
            <no-branch>
                <node>
                    <class-label-distr>
                        <distr-class>kdl.prox.model2.common.probdistributions.DiscreteProbDistribution</distr-class>
                        <class-label-info class="0" count="137"/>
                        <class-label-info class="1" count="0.04"/>
                    </class-label-distr>
                </node>
            </no-branch>
        </node>
    </rpt-body>
</rpt2>
