<?xml version="1.0" encoding="UTF-8"?>
<!DOCTYPE graph-query SYSTEM "graph-query.dtd">
<graph-query name="_A1inf_B_C_X1inf_Y1inf_Z">
    <description>_A1inf_B_C_X1inf_Y1inf_Z</description>
    <query-body>
        <vertex name="A">
            <condition>
                <test>
                    <operator>eq</operator>
                    <attribute-name>objectType</attribute-name>
                    <value>A</value>
                </test>
            </condition>
            <numeric-annotation>
                <min>1</min>
            </numeric-annotation>
        </vertex>
        <vertex name="B">
            <condition>
                <test>
                    <operator>eq</operator>
                    <attribute-name>objectType</attribute-name>
                    <value>B</value>
                </test>
            </condition>
        </vertex>
        <vertex name="C">
            <condition>
                <test>
                    <operator>eq</operator>
                    <attribute-name>objectType</attribute-name>
                    <value>C</value>
                </test>
            </condition>
        </vertex>
        <edge name="X">
            <vertex1>A</vertex1>
            <vertex2>B</vertex2>
            <directed>false</directed>
            <condition>
                <test>
                    <operator>eq</operator>
                    <attribute-name>linkType</attribute-name>
                    <value>X</value>
                </test>
            </condition>
            <numeric-annotation>
                <min>1</min>
            </numeric-annotation>
        </edge>
        <edge name="Y">
            <vertex1>A</vertex1>
            <vertex2>C</vertex2>
            <directed>false</directed>
            <condition>
                <test>
                    <operator>eq</operator>
                    <attribute-name>linkType</attribute-name>
                    <value>Y</value>
                </test>
            </condition>
            <numeric-annotation>
                <min>1</min>
            </numeric-annotation>
        </edge>
        <edge name="Z">
            <vertex1>B</vertex1>
            <vertex2>C</vertex2>
            <directed>false</directed>
            <condition>
                <test>
                    <operator>eq</operator>
                    <attribute-name>linkType</attribute-name>
                    <value>Z</value>
                </test>
            </condition>
        </edge>
    </query-body>
</graph-query>

