
<!DOCTYPE graph-query SYSTEM "graph-query.dtd">

<graph-query name="New Query">
    <description>New Editor Query</description>
    <query-body>
        <vertex name="S">
            <condition>
                <test>
                    <operator>eq</operator>
                    <attribute-name>objecttype</attribute-name>
                    <value>S</value>
                </test>
            </condition>
        </vertex>
        <edge name="LinksFrom">
            <vertex1>G</vertex1>
            <vertex2>S</vertex2>
            <directed>true</directed>
            <numeric-annotation>
                <min>1</min>
            </numeric-annotation>
        </edge>
        <vertex name="G">
            <condition>
                <test>
                    <operator>eq</operator>
                    <attribute-name>objecttype</attribute-name>
                    <value>G</value>
                </test>
            </condition>
        </vertex>
    </query-body>
</graph-query>