
<!DOCTYPE graph-query SYSTEM "graph-query.dtd">

<graph-query name="New Query">
    <description>New Editor Query</description>
    <query-body>
        <vertex name="S">
            <condition>
                <test>
                    <operator>eq</operator>
                    <attribute-name>objecttype</attribute-name>
                    <value>S</value>
                </test>
            </condition>
        </vertex>
        <edge name="LinksFrom">
            <vertex1>linked1_S</vertex1>
            <vertex2>S</vertex2>
            <directed>false</directed>
            <numeric-annotation>
                <min>1</min>
            </numeric-annotation>
        </edge>
        <subquery>
            <vertex name="linked1_S">
                <condition>
                    <test>
                        <operator>eq</operator>
                        <attribute-name>objecttype</attribute-name>
                        <value>S</value>
                    </test>
                </condition>
            </vertex>
            <vertex name="linked2_S">
                <condition>
                    <test>
                        <operator>eq</operator>
                        <attribute-name>objecttype</attribute-name>
                        <value>S</value>
                    </test>
                </condition>
                <numeric-annotation>
                    <min>0</min>
                </numeric-annotation>
            </vertex>
            <edge name="LinksTo">
                <vertex1>linked1_S</vertex1>
                <vertex2>linked2_S</vertex2>
                <directed>false</directed>
                <numeric-annotation>
                    <min>1</min>
                </numeric-annotation>
            </edge>
            <numeric-annotation>
                <min>0</min>
            </numeric-annotation>
        </subquery>
        <constraint>
            <and>
                <test>
                    <operator>ne</operator>
                    <item>
                        <item-name>S</item-name>
                        <id/>
                    </item>
                    <item>
                        <item-name>linked2_S</item-name>
                        <id/>
                    </item>
                </test>
            </and>
        </constraint>
    </query-body>
    <editor-data>
        <vertex-location name="S" x="200" y="200"/>
        <vertex-location name="linked1_S" x="422" y="219"/>
        <vertex-location name="linked2_S" x="627" y="313"/>
    </editor-data>
</graph-query>