<!DOCTYPE rpt SYSTEM "rpt.dtd">

<!--
    Part of the open-source Proximity system
   (see LICENSE for copyright and license information).
-->
<rpt name="s1 attr RPT">
    <rpt-info>
        <description>RPT to test data generation</description>
        <class-label>
            <item>S</item>
            <attribute>s_attr0</attribute>
            <is-object>true</is-object>
            <is-continuous>false</is-continuous>
        </class-label>
        <author-name/>
        <author-email/>
    </rpt-info>
    <rpt-body>
        <node name="root">
            <feature>
                <aggregator>mode</aggregator>
                <attribute>s_class</attribute>
                <operator>&gt;</operator>
                <item>S</item>
                <value>0</value>
                <threshold>null</threshold>
                <is-object>Y</is-object>
            </feature>
            <yes-proportion>0.33</yes-proportion>
            <!-- doesn't matter -->
            <class-label-info name="red">           <!-- doesn't matter -->
                <count>33</count>
                <probability>0.33</probability>
            </class-label-info>
            <class-label-info name="blue">          <!-- doesn't matter -->
                <count>33</count>
                <probability>0.33</probability>
            </class-label-info>
            <class-label-info name="green">         <!-- doesn't matter -->
                <count>34</count>
                <probability>0.33</probability>
            </class-label-info>
        </node>
        <edge>
            <node1>root</node1>
            <node2>rootY</node2>
            <label>Y</label>
        </edge>
        <edge>
            <node1>root</node1>
            <node2>rootN</node2>
            <label>N</label>
        </edge>

        <leaf name="rootY">
            <class-label-info name="red">
                <count>10000</count>
                <probability>1.0</probability>
            </class-label-info>
            <class-label-info name="blue">
                <count>0</count>
                <probability>0.0</probability>
            </class-label-info>
            <class-label-info name="green">
                <count>0</count>
                <probability>0.0</probability>
            </class-label-info>
        </leaf>

        <leaf name="rootN">
            <class-label-info name="red">
                <count>0</count>
                <probability>0.0</probability>
            </class-label-info>
            <class-label-info name="blue">
                <count>33</count>
                <probability>0.5</probability>
            </class-label-info>
            <class-label-info name="green">
                <count>34</count>
                <probability>0.5</probability>
            </class-label-info>
        </leaf>
    </rpt-body>
</rpt>
