<?xml version="1.0" encoding="UTF-8"?>
<!DOCTYPE graph-query SYSTEM "graph-query.dtd">

<!-- Part of the open-source Proximity system (see LICENSE for 
     copyright and license information). -->

<graph-query name="Annot_DB01_Q05">
  <description>Movie-studio subgraphs (no annotation)</description>
  <query-body>
    <vertex name="studio">
      <condition>
        <test>
          <operator>eq</operator>
          <attribute-name>objtype</attribute-name>
          <value>Studio</value>
        </test>
      </condition>
    </vertex>
    <vertex name="movie">
      <condition>
        <test>
          <operator>eq</operator>
          <attribute-name>objtype</attribute-name>
          <value>Movie</value>
        </test>
      </condition>
    </vertex>
    <edge name="produced">
      <vertex1>studio</vertex1>
      <vertex2>movie</vertex2>
      <directed>true</directed>
      <condition>
        <test>
          <operator>eq</operator>
          <attribute-name>linktype</attribute-name>
          <value>produced</value>
        </test>
      </condition>
    </edge>
  </query-body>
  <editor-data>
    <vertex-location name="studio" x="99.0" y="94.0" />
    <vertex-location name="movie" x="365.0" y="95.0" />
  </editor-data>
</graph-query>

