<?xml version="1.0" encoding="UTF-8"?>
<!DOCTYPE graph-query SYSTEM "graph-query.dtd">

<!-- Part of the open-source Proximity system (see LICENSE for 
     copyright and license information). -->

<graph-query name="Annot_DB01_Q03">
  <description>Movies produced by two or more studios</description>
  <query-body>
    <vertex name="studio">
      <condition>
        <test>
          <operator>eq</operator>
          <attribute-name>objtype</attribute-name>
          <value>Studio</value>
        </test>
      </condition>
      <numeric-annotation>
        <min>2</min>
      </numeric-annotation>
    </vertex>
    <vertex name="movie">
      <condition>
        <test>
          <operator>eq</operator>
          <attribute-name>objtype</attribute-name>
          <value>Movie</value>
        </test>
      </condition>
    </vertex>
    <edge name="produced">
      <vertex1>studio</vertex1>
      <vertex2>movie</vertex2>
      <directed>true</directed>
      <condition>
        <test>
          <operator>eq</operator>
          <attribute-name>linktype</attribute-name>
          <value>produced</value>
        </test>
      </condition>
      <numeric-annotation>
        <min>1</min>
      </numeric-annotation>
    </edge>
  </query-body>
  <editor-data>
    <vertex-location name="studio" x="103.0" y="93.0" />
    <vertex-location name="movie" x="382.0" y="95.0" />
  </editor-data>
</graph-query>

