<?xml version="1.0" encoding="UTF-8"?>
<!DOCTYPE graph-query SYSTEM "graph-query.dtd">

<!-- Part of the open-source Proximity system (see LICENSE for 
     copyright and license information). -->

<graph-query name="Annot_DB01_Q02">
  <description>Movies produced by exactly two studios</description>
  <query-body>
    <vertex name="movie">
      <condition>
        <test>
          <operator>eq</operator>
          <attribute-name>ObjType</attribute-name>
          <value>Movie</value>
        </test>
      </condition>
    </vertex>
    <vertex name="studio">
      <condition>
        <test>
          <operator>eq</operator>
          <attribute-name>ObjType</attribute-name>
          <value>Studio</value>
        </test>
      </condition>
      <numeric-annotation>
        <min>2</min>
        <max>2</max>
      </numeric-annotation>
    </vertex>
    <edge name="produced">
      <vertex1>studio</vertex1>
      <vertex2>movie</vertex2>
      <directed>true</directed>
      <condition>
        <test>
          <operator>eq</operator>
          <attribute-name>LinkType</attribute-name>
          <value>produced</value>
        </test>
      </condition>
      <numeric-annotation>
        <min>1</min>
      </numeric-annotation>
    </edge>
  </query-body>
  <editor-data>
    <vertex-location name="movie" x="385.0" y="114.0" />
    <vertex-location name="studio" x="103.0" y="45.0" />
  </editor-data>
</graph-query>

