<?xml version="1.0" encoding="UTF-8"?>
<!DOCTYPE graph-query SYSTEM "graph-query.dtd">

<!-- Part of the open-source Proximity system (see LICENSE for 
     copyright and license information). -->

<graph-query name="Annot_DB02_Q01">
  <description>Actors playing multiple roles</description>
  <query-body>
    <vertex name="movie">
      <condition>
        <test>
          <operator>eq</operator>
          <attribute-name>ObjType</attribute-name>
          <value>Movie</value>
        </test>
      </condition>
    </vertex>
    <vertex name="actor">
      <condition>
        <test>
          <operator>eq</operator>
          <attribute-name>ObjType</attribute-name>
          <value>Actor</value>
        </test>
      </condition>
    </vertex>
    <edge name="has-role">
      <vertex1>actor</vertex1>
      <vertex2>movie</vertex2>
      <directed>true</directed>
      <condition>
        <test>
          <operator>exists</operator>
          <attribute-name>Role</attribute-name>
        </test>
      </condition>
      <numeric-annotation>
        <min>2</min>
      </numeric-annotation>
    </edge>
  </query-body>
  <editor-data>
    <vertex-location name="movie" x="378.0" y="138.0" />
    <vertex-location name="actor" x="117.0" y="138.0" />
  </editor-data>
</graph-query>

