<?xml version="1.0" encoding="UTF-8"?>
<!DOCTYPE graph-query SYSTEM "graph-query.dtd">

<!-- Part of the open-source Proximity system (see LICENSE for 
     copyright and license information). -->

<graph-query name="Annot_DB04_Q01">
  <description>Movies not nominated for an Academy Award</description>
  <query-body>
    <vertex name="movie">
      <condition>
        <test>
          <operator>eq</operator>
          <attribute-name>ObjType</attribute-name>
          <value>Movie</value>
        </test>
      </condition>
    </vertex>
    <vertex name="award">
      <condition>
        <test>
          <operator>eq</operator>
          <attribute-name>ObjType</attribute-name>
          <value>Academy Award</value>
        </test>
      </condition>
      <numeric-annotation>
        <min>0</min>
        <max>0</max>
      </numeric-annotation>
    </vertex>
    <edge name="nominated">
      <vertex1>movie</vertex1>
      <vertex2>award</vertex2>
      <directed>true</directed>
      <condition>
        <test>
          <operator>eq</operator>
          <attribute-name>LinkType</attribute-name>
          <value>nominated</value>
        </test>
      </condition>
      <numeric-annotation>
        <min>1</min>
      </numeric-annotation>
    </edge>
  </query-body>
  <editor-data>
    <vertex-location name="movie" x="166.0" y="84.0" />
    <vertex-location name="award" x="469.0" y="87.0" />
  </editor-data>
</graph-query>

