<?xml version="1.0" encoding="UTF-8"?>
<!DOCTYPE graph-query SYSTEM "graph-query.dtd">

<!-- Part of the open-source Proximity system (see LICENSE for 
     copyright and license information). -->

<graph-query name="Basics_DB01_Q02">
  <description>Type conditions for objects and links</description>
  <query-body>
    <vertex name="B">
      <condition>
        <test>
          <operator>eq</operator>
          <attribute-name>ObjType</attribute-name>
          <value>book</value>
        </test>
      </condition>
    </vertex>
    <vertex name="A">
      <condition>
        <test>
          <operator>eq</operator>
          <attribute-name>ObjType</attribute-name>
          <value>person</value>
        </test>
      </condition>
    </vertex>
    <edge name="X">
      <vertex1>A</vertex1>
      <vertex2>B</vertex2>
      <directed>true</directed>
      <condition>
        <test>
          <operator>eq</operator>
          <attribute-name>LinkType</attribute-name>
          <value>author-of</value>
        </test>
      </condition>
    </edge>
  </query-body>
  <editor-data>
    <vertex-location name="B" x="376.0" y="102.0" />
    <vertex-location name="A" x="112.0" y="102.0" />
  </editor-data>
</graph-query>

