<?xml version="1.0" encoding="UTF-8"?>
<!DOCTYPE graph-query SYSTEM "graph-query.dtd">

<!-- Part of the open-source Proximity system (see LICENSE for 
     copyright and license information). -->

<graph-query name="Basics_DB04_Q01">
  <description>Loop-test Query</description>
  <query-body>
    <vertex name="A" />
    <vertex name="B" />
    <vertex name="C" />
    <edge name="X">
      <vertex1>A</vertex1>
      <vertex2>B</vertex2>
      <directed>true</directed>
    </edge>
    <edge name="Y">
      <vertex1>B</vertex1>
      <vertex2>C</vertex2>
      <directed>true</directed>
    </edge>
  </query-body>
  <editor-data>
    <vertex-location name="A" x="81.0" y="99.0" />
    <vertex-location name="B" x="238.0" y="99.0" />
    <vertex-location name="C" x="419.0" y="99.0" />
  </editor-data>
</graph-query>

