<?xml version="1.0" encoding="UTF-8"?>
<!DOCTYPE graph-query SYSTEM "graph-query.dtd">

<!-- Part of the open-source Proximity system (see LICENSE for 
     copyright and license information). -->

<graph-query name="Cond_DB04_Q01">
  <description>Books that are part of a series (using attribute conditions)</description>
  <query-body>
    <vertex name="book">
      <condition>
        <and>
          <test>
            <operator>eq</operator>
            <attribute-name>ObjType</attribute-name>
            <value>book</value>
          </test>
          <test>
            <operator>eq</operator>
            <attribute-name>Series</attribute-name>
            <value>true</value>
          </test>
        </and>
      </condition>
    </vertex>
    <vertex name="author">
      <condition>
        <test>
          <operator>eq</operator>
          <attribute-name>ObjType</attribute-name>
          <value>person</value>
        </test>
      </condition>
    </vertex>
    <edge name="author-of">
      <vertex1>author</vertex1>
      <vertex2>book</vertex2>
      <directed>true</directed>
      <condition>
        <test>
          <operator>eq</operator>
          <attribute-name>LinkType</attribute-name>
          <value>author-of</value>
        </test>
      </condition>
    </edge>
  </query-body>
  <editor-data>
    <vertex-location name="book" x="358.0" y="63.0" />
    <vertex-location name="author" x="85.0" y="108.0" />
  </editor-data>
</graph-query>

