<?xml version="1.0" encoding="UTF-8"?>
<!DOCTYPE graph-query SYSTEM "graph-query.dtd">

<!-- Part of the open-source Proximity system (see LICENSE for 
     copyright and license information). -->

<graph-query name="Cond_DB01_Q01">
  <description>Query using existence condition</description>
  <query-body>
    <vertex name="book">
      <condition>
        <test>
          <operator>eq</operator>
          <attribute-name>ObjType</attribute-name>
          <value>book</value>
        </test>
      </condition>
    </vertex>
    <vertex name="author">
      <condition>
        <test>
          <operator>eq</operator>
          <attribute-name>ObjType</attribute-name>
          <value>person</value>
        </test>
      </condition>
    </vertex>
    <edge name="author-of">
      <vertex1>author</vertex1>
      <vertex2>book</vertex2>
      <directed>true</directed>
      <condition>
        <test>
          <operator>exists</operator>
          <attribute-name>WrittenAs</attribute-name>
        </test>
      </condition>
    </edge>
  </query-body>
  <editor-data>
    <vertex-location name="book" x="364.0" y="85.0" />
    <vertex-location name="author" x="114.0" y="86.0" />
  </editor-data>
</graph-query>

