<?xml version="1.0" encoding="UTF-8"?>
<!DOCTYPE graph-query SYSTEM "graph-query.dtd">

<!-- Part of the open-source Proximity system (see LICENSE for 
     copyright and license information). -->

<graph-query name="Const_DB02_Q03">
  <description>Genealogy query with ordering constraint</description>
  <query-body>
    <vertex name="child">
      <condition>
        <test>
          <operator>eq</operator>
          <attribute-name>ObjType</attribute-name>
          <value>person</value>
        </test>
      </condition>
    </vertex>
    <vertex name="parent1">
      <condition>
        <test>
          <operator>eq</operator>
          <attribute-name>ObjType</attribute-name>
          <value>person</value>
        </test>
      </condition>
    </vertex>
    <vertex name="parent2">
      <condition>
        <test>
          <operator>eq</operator>
          <attribute-name>ObjType</attribute-name>
          <value>person</value>
        </test>
      </condition>
    </vertex>
    <edge name="has-parent1">
      <vertex1>child</vertex1>
      <vertex2>parent1</vertex2>
      <directed>true</directed>
      <condition>
        <test>
          <operator>eq</operator>
          <attribute-name>LinkType</attribute-name>
          <value>has-parent</value>
        </test>
      </condition>
    </edge>
    <edge name="has-parent2">
      <vertex1>child</vertex1>
      <vertex2>parent2</vertex2>
      <directed>true</directed>
      <condition>
        <test>
          <operator>eq</operator>
          <attribute-name>LinkType</attribute-name>
          <value>has-parent</value>
        </test>
      </condition>
    </edge>
    <constraint>
      <and>
        <test>
          <operator>lt</operator>
          <item>
            <item-name>parent1</item-name>
            <id />
          </item>
          <item>
            <item-name>parent2</item-name>
            <id />
          </item>
        </test>
      </and>
    </constraint>
  </query-body>
  <editor-data>
    <vertex-location name="child" x="243.0" y="230.0" />
    <vertex-location name="parent1" x="72.0" y="110.0" />
    <vertex-location name="parent2" x="457.0" y="115.0" />
  </editor-data>
</graph-query>

