<?xml version="1.0" encoding="UTF-8"?>
<!DOCTYPE graph-query SYSTEM "graph-query.dtd">

<!-- Part of the open-source Proximity system (see LICENSE for 
     copyright and license information). -->

<graph-query name="Intro_DB01_Q01">
  <description>Query illustrating power of QGraph</description>
  <query-body>
    <vertex name="director">
      <condition>
        <test>
          <operator>eq</operator>
          <attribute-name>ObjType</attribute-name>
          <value>Director</value>
        </test>
      </condition>
    </vertex>
    <edge name="directed">
      <vertex1>director</vertex1>
      <vertex2>movie</vertex2>
      <directed>true</directed>
      <numeric-annotation>
        <min>1</min>
      </numeric-annotation>
    </edge>
    <subquery>
      <vertex name="movie">
        <condition>
          <test>
            <operator>eq</operator>
            <attribute-name>ObjType</attribute-name>
            <value>Movie</value>
          </test>
        </condition>
      </vertex>
      <vertex name="actor">
        <condition>
          <test>
            <operator>eq</operator>
            <attribute-name>ObjType</attribute-name>
            <value>Actor</value>
          </test>
        </condition>
        <numeric-annotation>
          <min>1</min>
        </numeric-annotation>
      </vertex>
      <edge name="acted-in">
        <vertex1>actor</vertex1>
        <vertex2>movie</vertex2>
        <directed>true</directed>
        <numeric-annotation>
          <min>1</min>
        </numeric-annotation>
      </edge>
      <numeric-annotation>
        <min>1</min>
      </numeric-annotation>
    </subquery>
  </query-body>
  <editor-data>
    <vertex-location name="director" x="88.0" y="100.0" />
    <vertex-location name="movie" x="296.0" y="56.0" />
    <vertex-location name="actor" x="470.0" y="154.0" />
  </editor-data>
</graph-query>

