<?xml version="1.0" encoding="UTF-8"?>

<!-- Part of the open-source Proximity system (see LICENSE for 
     copyright and license information). -->

<!DOCTYPE PROX3DB SYSTEM "prox3db.dtd">
<PROX3DB NAME="Intro_DB01">
    <OBJECTS>
        <OBJECT ID="1"/>
        <OBJECT ID="2"/>
        <OBJECT ID="3"/>
        <OBJECT ID="4"/>
        <OBJECT ID="5"/>
        <OBJECT ID="6"/>
        <OBJECT ID="7"/>
        <OBJECT ID="8"/>
        <OBJECT ID="9"/>
        <OBJECT ID="10"/>
        <OBJECT ID="11"/>
        <OBJECT ID="12"/>
        <OBJECT ID="13"/>
        <OBJECT ID="14"/>
        <OBJECT ID="15"/>
        <OBJECT ID="16"/>
        <OBJECT ID="17"/>
        <OBJECT ID="18"/>
        <OBJECT ID="19"/>
        <OBJECT ID="20"/>
        <OBJECT ID="21"/>
        <OBJECT ID="22"/>
        <OBJECT ID="23"/>
        <OBJECT ID="24"/>
        <OBJECT ID="25"/>
        <OBJECT ID="26"/>
        <OBJECT ID="27"/>
        <OBJECT ID="28"/>
        <OBJECT ID="29"/>
        <OBJECT ID="30"/>
        <OBJECT ID="31"/>
        <OBJECT ID="32"/>
        <OBJECT ID="33"/>
        <OBJECT ID="34"/>
        <OBJECT ID="35"/>
        <OBJECT ID="36"/>
        <OBJECT ID="37"/>
        <OBJECT ID="38"/>
        <OBJECT ID="39"/>
        <OBJECT ID="40"/>
        <OBJECT ID="41"/>
        <OBJECT ID="42"/>
        <OBJECT ID="43"/>
        <OBJECT ID="44"/>
        <OBJECT ID="45"/>
        <OBJECT ID="46"/>
        <OBJECT ID="47"/>
        <OBJECT ID="48"/>
        <OBJECT ID="49"/>
    </OBJECTS>
    <LINKS>
        <LINK ID="1" O1-ID="1" O2-ID="2"/>
        <LINK ID="2" O1-ID="4" O2-ID="2"/>
        <LINK ID="3" O1-ID="5" O2-ID="2"/>
        <LINK ID="4" O1-ID="1" O2-ID="3"/>
        <LINK ID="5" O1-ID="5" O2-ID="3"/>
        <LINK ID="6" O1-ID="6" O2-ID="3"/>
        <LINK ID="7" O1-ID="1" O2-ID="7"/>
        <LINK ID="8" O1-ID="8" O2-ID="7"/>
        <LINK ID="9" O1-ID="9" O2-ID="7"/>
        <LINK ID="10" O1-ID="10" O2-ID="7"/>
        <LINK ID="11" O1-ID="1" O2-ID="11"/>
        <LINK ID="12" O1-ID="12" O2-ID="11"/>
        <LINK ID="13" O1-ID="13" O2-ID="11"/>
        <LINK ID="14" O1-ID="1" O2-ID="14"/>
        <LINK ID="15" O1-ID="13" O2-ID="14"/>
        <LINK ID="16" O1-ID="1" O2-ID="15"/>
        <LINK ID="17" O1-ID="13" O2-ID="15"/>
        <LINK ID="18" O1-ID="16" O2-ID="15"/>
        <LINK ID="19" O1-ID="17" O2-ID="15"/>
        <LINK ID="20" O1-ID="18" O2-ID="19"/>
        <LINK ID="21" O1-ID="18" O2-ID="20"/>
        <LINK ID="22" O1-ID="18" O2-ID="21"/>
        <LINK ID="23" O1-ID="18" O2-ID="22"/>
        <LINK ID="24" O1-ID="9" O2-ID="21"/>
        <LINK ID="25" O1-ID="16" O2-ID="21"/>
        <LINK ID="26" O1-ID="25" O2-ID="22"/>
        <LINK ID="27" O1-ID="24" O2-ID="20"/>
        <LINK ID="28" O1-ID="23" O2-ID="20"/>
        <LINK ID="29" O1-ID="24" O2-ID="19"/>
        <LINK ID="30" O1-ID="23" O2-ID="19"/>
        <LINK ID="31" O1-ID="26" O2-ID="27"/>
        <LINK ID="32" O1-ID="26" O2-ID="28"/>
        <LINK ID="33" O1-ID="26" O2-ID="29"/>
        <LINK ID="34" O1-ID="25" O2-ID="27"/>
        <LINK ID="35" O1-ID="30" O2-ID="27"/>
        <LINK ID="36" O1-ID="31" O2-ID="27"/>
        <LINK ID="37" O1-ID="31" O2-ID="28"/>
        <LINK ID="38" O1-ID="13" O2-ID="29"/>
        <LINK ID="39" O1-ID="12" O2-ID="28"/>
        <LINK ID="40" O1-ID="10" O2-ID="33"/>
        <LINK ID="41" O1-ID="17" O2-ID="33"/>
        <LINK ID="42" O1-ID="32" O2-ID="33"/>
        <LINK ID="43" O1-ID="32" O2-ID="34"/>
        <LINK ID="44" O1-ID="35" O2-ID="34"/>
        <LINK ID="45" O1-ID="36" O2-ID="34"/>
        <LINK ID="46" O1-ID="36" O2-ID="39"/>
        <LINK ID="47" O1-ID="37" O2-ID="39"/>
        <LINK ID="48" O1-ID="37" O2-ID="38"/>
        <LINK ID="49" O1-ID="37" O2-ID="40"/>
        <LINK ID="50" O1-ID="41" O2-ID="38"/>
        <LINK ID="51" O1-ID="42" O2-ID="40"/>
        <LINK ID="52" O1-ID="43" O2-ID="40"/>
        <LINK ID="53" O1-ID="43" O2-ID="45"/>
        <LINK ID="54" O1-ID="13" O2-ID="39"/>
        <LINK ID="55" O1-ID="44" O2-ID="45"/>
        <LINK ID="56" O1-ID="44" O2-ID="47"/>
        <LINK ID="57" O1-ID="44" O2-ID="46"/>
        <LINK ID="58" O1-ID="13" O2-ID="47"/>
        <LINK ID="59" O1-ID="13" O2-ID="46"/>
        <LINK ID="60" O1-ID="36" O2-ID="38"/>
        <LINK ID="61" O1-ID="24" O2-ID="48"/>
        <LINK ID="62" O1-ID="43" O2-ID="48"/>
        <LINK ID="63" O1-ID="32" O2-ID="49"/>
        <LINK ID="64" O1-ID="35" O2-ID="49"/>
        <LINK ID="65" O1-ID="42" O2-ID="49"/>
        <LINK ID="66" O1-ID="18" O2-ID="48"/>
    </LINKS>
    <ATTRIBUTES>
        <ATTRIBUTE NAME="objtype" ITEM-TYPE="O" DATA-TYPE="STR">
            <ATTR-VALUE ITEM-ID="1">
                <COL-VALUE>Director</COL-VALUE>
            </ATTR-VALUE>
            <ATTR-VALUE ITEM-ID="2">
                <COL-VALUE>Movie</COL-VALUE>
            </ATTR-VALUE>
            <ATTR-VALUE ITEM-ID="3">
                <COL-VALUE>Movie</COL-VALUE>
            </ATTR-VALUE>
            <ATTR-VALUE ITEM-ID="4">
                <COL-VALUE>Actor</COL-VALUE>
            </ATTR-VALUE>
            <ATTR-VALUE ITEM-ID="5">
                <COL-VALUE>Actor</COL-VALUE>
            </ATTR-VALUE>
            <ATTR-VALUE ITEM-ID="6">
                <COL-VALUE>Actor</COL-VALUE>
            </ATTR-VALUE>
            <ATTR-VALUE ITEM-ID="7">
                <COL-VALUE>Movie</COL-VALUE>
            </ATTR-VALUE>
            <ATTR-VALUE ITEM-ID="8">
                <COL-VALUE>Actor</COL-VALUE>
            </ATTR-VALUE>
            <ATTR-VALUE ITEM-ID="9">
                <COL-VALUE>Actor</COL-VALUE>
            </ATTR-VALUE>
            <ATTR-VALUE ITEM-ID="10">
                <COL-VALUE>Actor</COL-VALUE>
            </ATTR-VALUE>
            <ATTR-VALUE ITEM-ID="11">
                <COL-VALUE>Movie</COL-VALUE>
            </ATTR-VALUE>
            <ATTR-VALUE ITEM-ID="12">
                <COL-VALUE>Actor</COL-VALUE>
            </ATTR-VALUE>
            <ATTR-VALUE ITEM-ID="13">
                <COL-VALUE>Actor</COL-VALUE>
            </ATTR-VALUE>
            <ATTR-VALUE ITEM-ID="14">
                <COL-VALUE>Movie</COL-VALUE>
            </ATTR-VALUE>
            <ATTR-VALUE ITEM-ID="15">
                <COL-VALUE>Movie</COL-VALUE>
            </ATTR-VALUE>
            <ATTR-VALUE ITEM-ID="16">
                <COL-VALUE>Actor</COL-VALUE>
            </ATTR-VALUE>
            <ATTR-VALUE ITEM-ID="17">
                <COL-VALUE>Actor</COL-VALUE>
            </ATTR-VALUE>
            <ATTR-VALUE ITEM-ID="18">
                <COL-VALUE>Director</COL-VALUE>
            </ATTR-VALUE>
            <ATTR-VALUE ITEM-ID="19">
                <COL-VALUE>Movie</COL-VALUE>
            </ATTR-VALUE>
            <ATTR-VALUE ITEM-ID="20">
                <COL-VALUE>Movie</COL-VALUE>
            </ATTR-VALUE>
            <ATTR-VALUE ITEM-ID="21">
                <COL-VALUE>Movie</COL-VALUE>
            </ATTR-VALUE>
            <ATTR-VALUE ITEM-ID="22">
                <COL-VALUE>Movie</COL-VALUE>
            </ATTR-VALUE>
            <ATTR-VALUE ITEM-ID="23">
                <COL-VALUE>Actor</COL-VALUE>
            </ATTR-VALUE>
            <ATTR-VALUE ITEM-ID="24">
                <COL-VALUE>Actor</COL-VALUE>
            </ATTR-VALUE>
            <ATTR-VALUE ITEM-ID="25">
                <COL-VALUE>Actor</COL-VALUE>
            </ATTR-VALUE>
            <ATTR-VALUE ITEM-ID="26">
                <COL-VALUE>Director</COL-VALUE>
            </ATTR-VALUE>
            <ATTR-VALUE ITEM-ID="27">
                <COL-VALUE>Movie</COL-VALUE>
            </ATTR-VALUE>
            <ATTR-VALUE ITEM-ID="28">
                <COL-VALUE>Movie</COL-VALUE>
            </ATTR-VALUE>
            <ATTR-VALUE ITEM-ID="29">
                <COL-VALUE>Movie</COL-VALUE>
            </ATTR-VALUE>
            <ATTR-VALUE ITEM-ID="30">
                <COL-VALUE>Actor</COL-VALUE>
            </ATTR-VALUE>
            <ATTR-VALUE ITEM-ID="31">
                <COL-VALUE>Actor</COL-VALUE>
            </ATTR-VALUE>
            <ATTR-VALUE ITEM-ID="32">
                <COL-VALUE>Director</COL-VALUE>
            </ATTR-VALUE>
            <ATTR-VALUE ITEM-ID="33">
                <COL-VALUE>Movie</COL-VALUE>
            </ATTR-VALUE>
            <ATTR-VALUE ITEM-ID="34">
                <COL-VALUE>Movie</COL-VALUE>
            </ATTR-VALUE>
            <ATTR-VALUE ITEM-ID="35">
                <COL-VALUE>Actor</COL-VALUE>
            </ATTR-VALUE>
            <ATTR-VALUE ITEM-ID="36">
                <COL-VALUE>Actor</COL-VALUE>
            </ATTR-VALUE>
            <ATTR-VALUE ITEM-ID="37">
                <COL-VALUE>Director</COL-VALUE>
            </ATTR-VALUE>
            <ATTR-VALUE ITEM-ID="38">
                <COL-VALUE>Movie</COL-VALUE>
            </ATTR-VALUE>
            <ATTR-VALUE ITEM-ID="39">
                <COL-VALUE>Movie</COL-VALUE>
            </ATTR-VALUE>
            <ATTR-VALUE ITEM-ID="40">
                <COL-VALUE>Movie</COL-VALUE>
            </ATTR-VALUE>
            <ATTR-VALUE ITEM-ID="41">
                <COL-VALUE>Actor</COL-VALUE>
            </ATTR-VALUE>
            <ATTR-VALUE ITEM-ID="42">
                <COL-VALUE>Actor</COL-VALUE>
            </ATTR-VALUE>
            <ATTR-VALUE ITEM-ID="43">
                <COL-VALUE>Actor</COL-VALUE>
            </ATTR-VALUE>
            <ATTR-VALUE ITEM-ID="44">
                <COL-VALUE>Director</COL-VALUE>
            </ATTR-VALUE>
            <ATTR-VALUE ITEM-ID="45">
                <COL-VALUE>Movie</COL-VALUE>
            </ATTR-VALUE>
            <ATTR-VALUE ITEM-ID="46">
                <COL-VALUE>Movie</COL-VALUE>
            </ATTR-VALUE>
            <ATTR-VALUE ITEM-ID="47">
                <COL-VALUE>Movie</COL-VALUE>
            </ATTR-VALUE>
            <ATTR-VALUE ITEM-ID="48">
                <COL-VALUE>Movie</COL-VALUE>
            </ATTR-VALUE>
            <ATTR-VALUE ITEM-ID="49">
                <COL-VALUE>Movie</COL-VALUE>
            </ATTR-VALUE>
        </ATTRIBUTE>
        <ATTRIBUTE NAME="title" ITEM-TYPE="O" DATA-TYPE="STR">
            <ATTR-VALUE ITEM-ID="2">
                <COL-VALUE>Jaws</COL-VALUE>
            </ATTR-VALUE>
            <ATTR-VALUE ITEM-ID="3">
                <COL-VALUE>Close Encounters</COL-VALUE>
            </ATTR-VALUE>
            <ATTR-VALUE ITEM-ID="7">
                <COL-VALUE>Schindler's List</COL-VALUE>
            </ATTR-VALUE>
            <ATTR-VALUE ITEM-ID="11">
                <COL-VALUE>The Terminal</COL-VALUE>
            </ATTR-VALUE>
            <ATTR-VALUE ITEM-ID="14">
                <COL-VALUE>Saving Private Ryan</COL-VALUE>
            </ATTR-VALUE>
            <ATTR-VALUE ITEM-ID="15">
                <COL-VALUE>Catch Me If You Can</COL-VALUE>
            </ATTR-VALUE>
            <ATTR-VALUE ITEM-ID="19">
                <COL-VALUE>Raging Bull</COL-VALUE>
            </ATTR-VALUE>
            <ATTR-VALUE ITEM-ID="20">
                <COL-VALUE>Goodfellas</COL-VALUE>
            </ATTR-VALUE>
            <ATTR-VALUE ITEM-ID="21">
                <COL-VALUE>Gangs of New York</COL-VALUE>
            </ATTR-VALUE>
            <ATTR-VALUE ITEM-ID="22">
                <COL-VALUE>The Color of Money</COL-VALUE>
            </ATTR-VALUE>
            <ATTR-VALUE ITEM-ID="27">
                <COL-VALUE>O Brother, Where Art Thou?</COL-VALUE>
            </ATTR-VALUE>
            <ATTR-VALUE ITEM-ID="28">
                <COL-VALUE>Intolerable Cruelty</COL-VALUE>
            </ATTR-VALUE>
            <ATTR-VALUE ITEM-ID="29">
                <COL-VALUE>The Ladykillers</COL-VALUE>
            </ATTR-VALUE>
            <ATTR-VALUE ITEM-ID="33">
                <COL-VALUE>Ghandi</COL-VALUE>
            </ATTR-VALUE>
            <ATTR-VALUE ITEM-ID="34">
                <COL-VALUE>Cry Freedom</COL-VALUE>
            </ATTR-VALUE>
            <ATTR-VALUE ITEM-ID="38">
                <COL-VALUE>The Manchurian Candidate</COL-VALUE>
            </ATTR-VALUE>
            <ATTR-VALUE ITEM-ID="39">
                <COL-VALUE>Philadelphia</COL-VALUE>
            </ATTR-VALUE>
            <ATTR-VALUE ITEM-ID="40">
                <COL-VALUE>Silence of the Lambs</COL-VALUE>
            </ATTR-VALUE>
            <ATTR-VALUE ITEM-ID="45">
                <COL-VALUE>Contact</COL-VALUE>
            </ATTR-VALUE>
            <ATTR-VALUE ITEM-ID="46">
                <COL-VALUE>Forrest Gump</COL-VALUE>
            </ATTR-VALUE>
            <ATTR-VALUE ITEM-ID="47">
                <COL-VALUE>The Polar Express</COL-VALUE>
            </ATTR-VALUE>
            <ATTR-VALUE ITEM-ID="48">
                <COL-VALUE>Taxi Driver</COL-VALUE>
            </ATTR-VALUE>
            <ATTR-VALUE ITEM-ID="49">
                <COL-VALUE>Chaplin</COL-VALUE>
            </ATTR-VALUE>
        </ATTRIBUTE>
        <ATTRIBUTE NAME="name" ITEM-TYPE="O" DATA-TYPE="STR">
            <ATTR-VALUE ITEM-ID="1">
                <COL-VALUE>Steven Speilberg</COL-VALUE>
            </ATTR-VALUE>
            <ATTR-VALUE ITEM-ID="4">
                <COL-VALUE>Roy Scheider</COL-VALUE>
            </ATTR-VALUE>
            <ATTR-VALUE ITEM-ID="5">
                <COL-VALUE>Richard Dreyfuss</COL-VALUE>
            </ATTR-VALUE>
            <ATTR-VALUE ITEM-ID="6">
                <COL-VALUE>Teri Garr</COL-VALUE>
            </ATTR-VALUE>
            <ATTR-VALUE ITEM-ID="8">
                <COL-VALUE>Ralph Fiennes</COL-VALUE>
            </ATTR-VALUE>
            <ATTR-VALUE ITEM-ID="9">
                <COL-VALUE>Liam Neeson</COL-VALUE>
            </ATTR-VALUE>
            <ATTR-VALUE ITEM-ID="10">
                <COL-VALUE>Ben Kingsley</COL-VALUE>
            </ATTR-VALUE>
            <ATTR-VALUE ITEM-ID="12">
                <COL-VALUE>Catherine Zeta-Jones</COL-VALUE>
            </ATTR-VALUE>
            <ATTR-VALUE ITEM-ID="13">
                <COL-VALUE>Tom Hanks</COL-VALUE>
            </ATTR-VALUE>
            <ATTR-VALUE ITEM-ID="16">
                <COL-VALUE>Leonardo DiCaprio</COL-VALUE>
            </ATTR-VALUE>
            <ATTR-VALUE ITEM-ID="17">
                <COL-VALUE>Martin Sheen</COL-VALUE>
            </ATTR-VALUE>
            <ATTR-VALUE ITEM-ID="18">
                <COL-VALUE>Martin Scorsese</COL-VALUE>
            </ATTR-VALUE>
            <ATTR-VALUE ITEM-ID="23">
                <COL-VALUE>Joe Pesci</COL-VALUE>
            </ATTR-VALUE>
            <ATTR-VALUE ITEM-ID="24">
                <COL-VALUE>Robert De Niro</COL-VALUE>
            </ATTR-VALUE>
            <ATTR-VALUE ITEM-ID="25">
                <COL-VALUE>John Turtorro</COL-VALUE>
            </ATTR-VALUE>
            <ATTR-VALUE ITEM-ID="26">
                <COL-VALUE>Coen Brothers</COL-VALUE>
            </ATTR-VALUE>
            <ATTR-VALUE ITEM-ID="30">
                <COL-VALUE>John Goodman</COL-VALUE>
            </ATTR-VALUE>
            <ATTR-VALUE ITEM-ID="31">
                <COL-VALUE>George Clooney</COL-VALUE>
            </ATTR-VALUE>
            <ATTR-VALUE ITEM-ID="32">
                <COL-VALUE>Richard Attenborough</COL-VALUE>
            </ATTR-VALUE>
            <ATTR-VALUE ITEM-ID="35">
                <COL-VALUE>Kevin Kline</COL-VALUE>
            </ATTR-VALUE>
            <ATTR-VALUE ITEM-ID="36">
                <COL-VALUE>Denzel Washington</COL-VALUE>
            </ATTR-VALUE>
            <ATTR-VALUE ITEM-ID="37">
                <COL-VALUE>Jonathan Demme</COL-VALUE>
            </ATTR-VALUE>
            <ATTR-VALUE ITEM-ID="41">
                <COL-VALUE>Meryl Streep</COL-VALUE>
            </ATTR-VALUE>
            <ATTR-VALUE ITEM-ID="42">
                <COL-VALUE>Anthony Hopkins</COL-VALUE>
            </ATTR-VALUE>
            <ATTR-VALUE ITEM-ID="43">
                <COL-VALUE>Jodi Foster</COL-VALUE>
            </ATTR-VALUE>
            <ATTR-VALUE ITEM-ID="44">
                <COL-VALUE>Robert Zemekis</COL-VALUE>
            </ATTR-VALUE>
        </ATTRIBUTE>
    </ATTRIBUTES>
</PROX3DB>
