<!DOCTYPE rpt SYSTEM "rpt.dtd"> 

<!-- Copyright 2001-2002, Knowledge Discovery Laboratory, Computer Science
     Department, University of Massachusetts, Amherst. All rights reserved. 
-->
<rpt name="Movie RPT Model">
    <rpt-info>
        <description>Movie RPT model to test the RDN</description>
        <class-label>
            <item>movie</item>
            <attribute>month</attribute>
            <is-object>true</is-object>
            <is-continuous>false</is-continuous>
        </class-label>
        <author-name/>
        <author-email/>
    </rpt-info>
    <rpt-body>
        <node name="root">
            <feature>
                <aggregator>mode</aggregator>
                <attribute>year</attribute>
                <operator>&gt;</operator>
                <item>movie</item>
                <value>95</value>
                <threshold>null</threshold>
                <is-object>Y</is-object>
            </feature>
            <yes-proportion>0.333333</yes-proportion>
            <class-label-info name="jan">
                <count>36</count>
                <probability>0.5</probability>
            </class-label-info>
            <class-label-info name="feb">
                <count>36</count>
                <probability>0.5</probability>
            </class-label-info>
        </node>
        <edge>
            <node1>root</node1>
            <node2>rootY</node2>
            <label>Y</label>
        </edge>
        <edge>
            <node1>root</node1>
            <node2>rootN</node2>
            <label>N</label>
        </edge>
        <node name="rootN">
            <feature>
                <aggregator>mode</aggregator>
                <attribute>year</attribute>
                <operator>&gt;</operator>
                <item>movie</item>
                <value>94</value>
                <threshold>null</threshold>
                <is-object>Y</is-object>
            </feature>
            <yes-proportion>0.5</yes-proportion>
            <class-label-info name="jan">
                <count>18</count>
                <probability>0.33928</probability>
            </class-label-info>
            <class-label-info name="feb">
                <count>36</count>
                <probability>0.66072</probability>
            </class-label-info>
        </node>
        <edge>
            <node1>rootN</node1>
            <node2>rootNY</node2>
            <label>Y</label>
        </edge>
        <edge>
            <node1>rootN</node1>
            <node2>rootNN</node2>
            <label>N</label>
        </edge>
        <node name="rootNN">
            <feature>
                <aggregator>mode</aggregator>
                <attribute>color</attribute>
                <operator>&gt;</operator>
                <item>studio</item>
                <value>red</value>
                <threshold>null</threshold>
                <is-object>Y</is-object>
            </feature>
            <yes-proportion>0.5</yes-proportion>
            <class-label-info name="jan">
                <count>18</count>
                <probability>0.5</probability>
            </class-label-info>
            <class-label-info name="feb">
                <count>18</count>
                <probability>0.5</probability>
            </class-label-info>
        </node>
        <edge>
            <node1>rootNN</node1>
            <node2>rootNNY</node2>
            <label>Y</label>
        </edge>
        <edge>
            <node1>rootNN</node1>
            <node2>rootNNN</node2>
            <label>N</label>
        </edge>
        <leaf name="rootY">
            <class-label-info name="jan">
                <count>18</count>
                <probability>0.95</probability>
            </class-label-info>
            <class-label-info name="feb">
                <count>0</count>
                <probability>0.05</probability>
            </class-label-info>
        </leaf>
        <leaf name="rootNY">
            <class-label-info name="feb">
                <count>18</count>
                <probability>0.95</probability>
            </class-label-info>
            <class-label-info name="jan">
                <count>0</count>
                <probability>0.05</probability>
            </class-label-info>
        </leaf>
        <leaf name="rootNNY">
            <class-label-info name="jan">
                <count>18</count>
                <probability>0.95</probability>
            </class-label-info>
            <class-label-info name="feb">
                <count>0</count>
                <probability>0.05</probability>
            </class-label-info>
        </leaf>
        <leaf name="rootNNN">
            <class-label-info name="feb">
                <count>18</count>
                <probability>0.95</probability>
            </class-label-info>
            <class-label-info name="jan">
                <count>0</count>
                <probability>0.05</probability>
            </class-label-info>
        </leaf>
    </rpt-body>
</rpt>
