<?xml version="1.0" encoding="UTF-8"?>
<!DOCTYPE graph-query SYSTEM "graph-query.dtd">

<!-- Part of the open-source Proximity system (see LICENSE for
     copyright and license information).
-->

<graph-query name="1d-clusters">
  <description>Finds 1d "stars" for all database objects</description>
  <query-body>
    <vertex name="linked_to_page">
      <numeric-annotation>
        <min>0</min>
      </numeric-annotation>
    </vertex>
    <vertex name="core_page" />
    <vertex name="linked_from_page">
      <numeric-annotation>
        <min>0</min>
      </numeric-annotation>
    </vertex>
    <edge name="linked_from">
      <vertex1>linked_from_page</vertex1>
      <vertex2>core_page</vertex2>
      <directed>true</directed>
      <numeric-annotation>
        <min>1</min>
      </numeric-annotation>
    </edge>
    <edge name="linked_to">
      <vertex1>core_page</vertex1>
      <vertex2>linked_to_page</vertex2>
      <directed>true</directed>
      <numeric-annotation>
        <min>1</min>
      </numeric-annotation>
    </edge>
  </query-body>
  <editor-data>
    <vertex-location name="linked_to_page" x="506.0" y="63.0" />
    <vertex-location name="core_page" x="294.0" y="181.0" />
    <vertex-location name="linked_from_page" x="110.0" y="62.0" />
  </editor-data>
</graph-query>

