<?xml version="1.0" encoding="UTF-8"?>
<!DOCTYPE graph-query SYSTEM "graph-query.dtd">

<!-- Part of the open-source Proximity system (see LICENSE for
     copyright and license information).
-->

<graph-query name="cornell-out-clusters">
  <description>Finds 1d clusters with Cornell pages as the core object and only including out links from the core object</description>
  <query-body>
    <vertex name="core_page">
      <condition>
        <test>
          <operator>eq</operator>
          <attribute-name>School</attribute-name>
          <value>Cornell</value>
        </test>
      </condition>
    </vertex>
    <vertex name="linked_to_page">
      <numeric-annotation>
        <min>1</min>
      </numeric-annotation>
    </vertex>
    <edge name="linked_to">
      <vertex1>core_page</vertex1>
      <vertex2>linked_to_page</vertex2>
      <directed>true</directed>
      <numeric-annotation>
        <min>1</min>
      </numeric-annotation>
    </edge>
  </query-body>
  <editor-data>
    <vertex-location name="core_page" x="105.0" y="71.0" />
    <vertex-location name="linked_to_page" x="396.0" y="72.0" />
  </editor-data>
</graph-query>

