<?xml version="1.0" encoding="UTF-8"?>
<!DOCTYPE graph-query SYSTEM "graph-query.dtd">

<!-- Part of the open-source Proximity system (see LICENSE for
     copyright and license information). -->

<graph-query name="research_clusters1">
  <description>Finds pages linked to ResearchProject pages</description>
  <query-body>
    <vertex name="linked_page" />
    <vertex name="start_page">
      <condition>
        <test>
          <operator>eq</operator>
          <attribute-name>pagetype</attribute-name>
          <value>ResearchProject</value>
        </test>
      </condition>
    </vertex>
    <edge name="linked_to">
      <vertex1>start_page</vertex1>
      <vertex2>linked_page</vertex2>
      <directed>false</directed>
    </edge>
  </query-body>
  <editor-data>
    <vertex-location name="linked_page" x="286.0" y="146.0" />
    <vertex-location name="start_page" x="72.0" y="51.0" />
  </editor-data>
</graph-query>

