<!DOCTYPE rpt SYSTEM "rpt.dtd">

<!-- Part of the open-source Proximity system (see LICENSE for
     copyright and license information).
-->

<rpt name="s class RPT">
    <rpt-info>
        <description>RPT to test data generation</description>
        <class-label>
            <item>S</item>
            <attribute>s_class</attribute>
            <is-object>true</is-object>
            <is-continuous>false</is-continuous>
        </class-label>
        <author-name/>
        <author-email/>
    </rpt-info>
    <rpt-body>
        <node name="root">
            <feature>
                <aggregator>mode</aggregator>
                <attribute>s_class</attribute>
                <operator>&gt;</operator>
                <item>linked1_S</item>
                <value>+</value>
                <threshold>null</threshold>
                <is-object>Y</is-object>
            </feature>
            <yes-proportion>0.5</yes-proportion>
            <!-- doesn't matter -->
            <class-label-info name="+">            <!-- doesn't matter -->
                <count>1000</count>
                <probability>0.50</probability>
            </class-label-info>
            <class-label-info name="-">            <!-- doesn't matter -->
                <count>1000</count>
                <probability>0.5</probability>
            </class-label-info>
        </node>
        <edge>
            <node1>root</node1>
            <node2>rootY</node2>
            <label>Y</label>
        </edge>
        <edge>
            <node1>root</node1>
            <node2>rootN</node2>
            <label>N</label>
        </edge>

        <leaf name="rootY">
            <class-label-info name="+">
                <count>800</count>
                <probability>0.80</probability>
            </class-label-info>
            <class-label-info name="-">
                <count>200</count>
                <probability>0.20</probability>
            </class-label-info>
        </leaf>

        <leaf name="rootN">
            <class-label-info name="+">
                <count>200</count>
                <probability>0.20</probability>
            </class-label-info>
            <class-label-info name="-">
                <count>800</count>
                <probability>0.80</probability>
            </class-label-info>
        </leaf>
    </rpt-body>
</rpt>
