<?xml version="1.0" encoding="UTF-8"?>
<!DOCTYPE PROX3DB SYSTEM "prox3db.dtd">
<PROX3DB>
    <OBJECTS>
        <OBJECT ID="1"/>
    </OBJECTS>
    <LINKS/>
    <ATTRIBUTES>
        <ATTRIBUTE NAME="attr1" ITEM-TYPE="O" DATA-TYPE="str">
            <ATTR-VALUE ITEM-ID="1">
                <COL-VALUE>a,b</COL-VALUE>
            </ATTR-VALUE>
            <ATTR-VALUE ITEM-ID="2">
                <COL-VALUE>_a,x_</COL-VALUE>
            </ATTR-VALUE>
            <ATTR-VALUE ITEM-ID="2">
                <COL-VALUE>X</COL-VALUE>
            </ATTR-VALUE>
        </ATTRIBUTE>
    </ATTRIBUTES>
</PROX3DB>
