<?xml version="1.0" encoding="UTF-8"?>
<!DOCTYPE PROX2DB SYSTEM "prox2db.dtd">
<PROX2DB NAME="testdb">
    <OBJECTS>
        <OBJECT ID="0"/>
        <OBJECT ID="1"/>
        <OBJECT ID="2"/>
        <OBJECT ID="3"/>
        <OBJECT ID="4"/>
    </OBJECTS>
    <LINKS>
        <LINK ID="0" O1-ID="1" O2-ID="2"/>
        <LINK ID="1" O1-ID="0" O2-ID="3"/>
        <LINK ID="2" O1-ID="1" O2-ID="3"/>
        <LINK ID="3" O1-ID="1" O2-ID="2"/>
        <LINK ID="4" O1-ID="3" O2-ID="4"/>
    </LINKS>
    <ATTRIBUTES>
        <ATTRIBUTE NAME="name" ITEM-TYPE="O" DATA-TYPE="VARCHAR">
            <ATTR-VALUE ITEM-ID="3">Matthew Cornell</ATTR-VALUE>
            <ATTR-VALUE ITEM-ID="2">David Jensen</ATTR-VALUE>
            <ATTR-VALUE ITEM-ID="4">our place (an already existing obj)</ATTR-VALUE>
        </ATTRIBUTE>
        <ATTRIBUTE NAME="obj-type" ITEM-TYPE="O" DATA-TYPE="VARCHAR">
            <ATTR-VALUE ITEM-ID="3">person</ATTR-VALUE>
            <ATTR-VALUE ITEM-ID="2">person</ATTR-VALUE>
            <ATTR-VALUE ITEM-ID="1">research group</ATTR-VALUE>
        </ATTRIBUTE>
        <ATTRIBUTE NAME="office-num" ITEM-TYPE="O" DATA-TYPE="INTEGER">
            <ATTR-VALUE ITEM-ID="3">218</ATTR-VALUE>
            <ATTR-VALUE ITEM-ID="2">238</ATTR-VALUE>
        </ATTRIBUTE>
        <ATTRIBUTE NAME="double-test" ITEM-TYPE="O" DATA-TYPE="DOUBLE">
            <ATTR-VALUE ITEM-ID="3">3.0LL</ATTR-VALUE>
            <ATTR-VALUE ITEM-ID="2">2.1LL</ATTR-VALUE>
        </ATTRIBUTE>
        <ATTRIBUTE NAME="date-test" ITEM-TYPE="O" DATA-TYPE="DATE">
            <ATTR-VALUE ITEM-ID="3">2003-08-25</ATTR-VALUE>
            <ATTR-VALUE ITEM-ID="2">1962-10-22</ATTR-VALUE>
        </ATTRIBUTE>
        <ATTRIBUTE NAME="link-test" ITEM-TYPE="L" DATA-TYPE="VARCHAR">
            <ATTR-VALUE ITEM-ID="3">this looks like an object ref: "[xx],
but it isn't because it's inside a link attribute</ATTR-VALUE>
        </ATTRIBUTE>
        <ATTRIBUTE NAME="link-type" ITEM-TYPE="L" DATA-TYPE="VARCHAR">
            <ATTR-VALUE ITEM-ID="2">member</ATTR-VALUE>
            <ATTR-VALUE ITEM-ID="3">member</ATTR-VALUE>
            <ATTR-VALUE ITEM-ID="4">lives-at</ATTR-VALUE>
        </ATTRIBUTE>
        <ATTRIBUTE NAME="nickname" ITEM-TYPE="O" DATA-TYPE="VARCHAR">
            <ATTR-VALUE ITEM-ID="1">kdl</ATTR-VALUE>
            <ATTR-VALUE ITEM-ID="2">dj</ATTR-VALUE>
            <ATTR-VALUE ITEM-ID="3">me</ATTR-VALUE>
            <ATTR-VALUE ITEM-ID="4">home</ATTR-VALUE>
        </ATTRIBUTE>
        <ATTRIBUTE NAME="sa.implied" ITEM-TYPE="L" DATA-TYPE="INTEGER">
            <ATTR-VALUE ITEM-ID="0">1</ATTR-VALUE>
            <ATTR-VALUE ITEM-ID="1">1</ATTR-VALUE>
        </ATTRIBUTE>
        <ATTRIBUTE NAME="sa.undefined" ITEM-TYPE="O" DATA-TYPE="INTEGER"/>
    </ATTRIBUTES>
    <COLLECTIONS>
        <COLLECTION NAME="test-coll">
            <SUBGRAPHS>
                <SUBGRAPH ID="0"/>
            </SUBGRAPHS>
            <SUBGRAPH-ITEMS>
                <ITEM SUBG-ID="0" ITEM-ID="0" ITEM-TYPE="O" NAME="#test"/>
                <ITEM SUBG-ID="0" ITEM-ID="1" ITEM-TYPE="O" NAME="kdl"/>
                <ITEM SUBG-ID="0" ITEM-ID="2" ITEM-TYPE="O" NAME="dj"/>
                <ITEM SUBG-ID="0" ITEM-ID="3" ITEM-TYPE="O" NAME="me"/>
                <ITEM SUBG-ID="0" ITEM-ID="4" ITEM-TYPE="O" NAME="home"/>
                <ITEM SUBG-ID="0" ITEM-ID="0" ITEM-TYPE="L" NAME="0:implied:kdl-&gt;dj"/>
                <ITEM SUBG-ID="0" ITEM-ID="1" ITEM-TYPE="L" NAME="1:implied:#test-&gt;me"/>
                <ITEM SUBG-ID="0" ITEM-ID="2" ITEM-TYPE="L" NAME="2:kdl-&gt;me"/>
                <ITEM SUBG-ID="0" ITEM-ID="3" ITEM-TYPE="L" NAME="3:kdl-&gt;dj"/>
                <ITEM SUBG-ID="0" ITEM-ID="4" ITEM-TYPE="L" NAME="4:me-&gt;home"/>
            </SUBGRAPH-ITEMS>
        </COLLECTION>
        <COLLECTION NAME="qg2test">
            <SUBGRAPHS>
                <SUBGRAPH ID="1"/>
                <SUBGRAPH ID="2"/>
                <SUBGRAPH ID="3"/>
            </SUBGRAPHS>
            <SUBGRAPH-ITEMS>
                <ITEM SUBG-ID="1" ITEM-ID="0" ITEM-TYPE="L" NAME="group-person"/>
                <ITEM SUBG-ID="2" ITEM-ID="2" ITEM-TYPE="L" NAME="group-person"/>
                <ITEM SUBG-ID="3" ITEM-ID="3" ITEM-TYPE="L" NAME="group-person"/>
                <ITEM SUBG-ID="1" ITEM-ID="1" ITEM-TYPE="O" NAME="group"/>
                <ITEM SUBG-ID="2" ITEM-ID="1" ITEM-TYPE="O" NAME="group"/>
                <ITEM SUBG-ID="3" ITEM-ID="1" ITEM-TYPE="O" NAME="group"/>
                <ITEM SUBG-ID="1" ITEM-ID="2" ITEM-TYPE="O" NAME="person"/>
                <ITEM SUBG-ID="2" ITEM-ID="3" ITEM-TYPE="O" NAME="person"/>
                <ITEM SUBG-ID="3" ITEM-ID="2" ITEM-TYPE="O" NAME="person"/>
            </SUBGRAPH-ITEMS>
        </COLLECTION>
    </COLLECTIONS>
</PROX2DB>
